id,class_name,breed
img_1313,1,11
img_0642,2,21
img_1450,1,11
img_2201,1,12
img_0964,2,21
img_6358,1,11
img_2767,1,14
img_7299,2,22
img_3945,2,21
img_1903,2,23
img_5884,2,25
img_5810,2,24
img_4407,2,25
img_5197,2,22
img_1803,1,15
img_1096,1,14
img_4262,2,25
img_3487,2,24
img_1898,1,14
img_2389,1,13
img_0083,2,25
img_1006,1,13
img_7142,1,11
img_5628,2,24
img_5411,1,12
img_6455,2,23
img_4755,2,23
img_5222,1,13
img_5560,1,11
img_5521,2,25
img_6342,1,15
img_2963,1,13
img_3791,1,12
img_6835,2,21
img_6853,2,24
img_0857,1,14
img_6154,2,21
img_0912,1,14
img_2966,2,22
img_0711,1,11
img_3245,2,24
img_1676,1,15
img_1335,1,11
img_7173,1,11
img_4191,2,21
img_5463,2,21
img_5548,2,25
img_1025,2,25
img_2270,1,13
img_3704,2,24
img_0249,2,24
img_6290,2,22
img_2598,2,23
img_6396,1,14
img_0447,1,13
img_6362,2,22
img_2532,1,12
img_0920,1,13
img_6679,1,15
img_0388,2,21
img_4457,2,23
img_0002,1,15
img_3660,1,15
img_0905,2,22
img_3460,2,24
img_6580,1,14
img_4204,1,15
img_6469,1,13
img_5951,2,25
img_0611,2,23
img_3184,1,12
img_3928,1,13
img_0619,1,15
img_1823,2,25
img_5917,1,14
img_3264,2,22
img_1710,1,12
img_6821,2,24
img_5049,2,25
img_0532,2,23
img_6749,2,22
img_6201,2,21
img_4120,1,11
img_2610,2,21
img_2305,2,22
img_6630,2,21
img_4940,1,11
img_0231,1,15
img_7099,1,15
img_4307,1,11
img_6588,2,24
img_5417,2,25
img_1865,1,12
img_2780,1,12
img_3038,2,24
img_1208,1,14
img_6512,1,15
img_0525,1,11
img_0025,1,12
img_4243,2,24
img_1426,1,15
img_5326,1,13
img_5795,2,21
img_6259,1,12
img_6395,1,11
img_5447,2,21
img_6935,1,12
img_0599,2,25
img_5263,2,23
img_6140,1,13
img_4310,2,22
img_3426,2,22
img_1163,1,15
img_5486,1,13
img_4703,2,22
img_6851,1,13
img_1655,1,12
img_0531,2,23
img_3447,2,21
img_3895,2,22
img_2742,2,23
img_1231,1,11
img_5988,1,14
img_4837,2,24
img_5830,1,11
img_1501,2,22
img_2623,2,22
img_4951,1,14
img_6548,1,13
img_6102,1,11
img_1564,1,11
img_2083,2,22
img_4372,1,12
img_1195,1,13
img_6916,1,12
img_3236,2,23
img_3471,2,25
img_5992,1,12
img_1238,1,14
img_2886,2,22
img_6458,2,21
img_4684,2,24
img_7334,2,23
img_4819,1,12
img_3964,1,11
img_2665,2,24
img_1100,2,21
img_3307,2,21
img_7279,2,21
img_1209,2,25
img_3161,1,13
img_1456,1,12
img_1155,2,21
img_6251,2,23
img_1574,2,21
img_0317,2,24
img_6716,1,12
img_0190,2,24
img_4683,1,15
img_6632,2,25
img_3012,2,24
img_5771,2,21
img_6078,1,15
img_5756,1,12
img_2008,2,23
img_6333,1,12
img_4668,1,15
img_5131,2,24
img_4959,2,22
img_1276,1,11
img_6726,1,15
img_4385,2,25
img_2594,1,12
img_3313,2,23
img_1121,2,25
img_4650,1,14
img_5412,2,21
img_1079,2,25
img_2701,1,13
img_4515,1,13
img_4104,2,23
img_0907,2,24
img_1817,1,14
img_4950,1,13
img_5393,2,24
img_2935,2,22
img_5469,2,23
img_6550,2,22
img_5508,1,14
img_6133,2,21
img_6977,2,22
img_5303,1,15
img_2862,1,13
img_6503,2,25
img_0036,2,21
img_4469,1,13
img_2836,2,21
img_1679,2,25
img_5058,1,15
img_4982,1,15
img_0108,2,21
img_2641,1,15
img_4460,2,22
img_4786,2,22
img_2675,2,23
img_6976,1,14
img_0376,1,11
img_6188,1,14
img_6597,2,21
img_0104,2,25
img_1593,2,23
img_7288,2,25
img_3355,2,24
img_6440,1,14
img_3048,2,23
img_5775,1,15
img_4340,2,22
img_3340,1,14
img_4927,2,21
img_6224,1,12
img_1876,2,25
img_6178,2,22
img_4089,1,12
img_5543,1,14
img_5242,1,12
img_4208,2,24
img_4218,2,22
img_5354,2,25
img_0375,2,23
img_1415,1,15
img_0018,2,21
img_0509,2,23
img_4173,1,15
img_2832,2,21
img_5247,1,12
img_2492,2,24
img_2552,1,14
img_6519,2,21
img_4547,2,22
img_5913,2,25
img_4308,1,15
img_2383,1,13
img_4085,2,24
img_4413,2,25
img_1680,2,21
img_1794,1,13
img_0653,2,21
img_5780,2,23
img_4041,2,25
img_2926,1,11
img_5661,1,12
img_1743,1,14
img_3857,1,13
img_4981,2,23
img_5794,1,15
img_1508,1,14
img_6429,1,15
img_7346,1,12
img_1627,2,22
img_1673,1,12
img_3003,2,21
img_0500,2,21
img_0680,1,14
img_1150,2,22
img_4997,1,13
img_6857,2,25
img_4624,1,11
img_3122,2,24
img_1493,2,25
img_1408,2,22
img_5900,1,14
img_0333,1,12
img_1492,2,24
img_4513,2,21
img_1792,1,15
img_1140,2,23
img_5626,2,23
img_2468,2,22
img_2770,1,13
img_4323,1,12
img_6791,1,14
img_5817,2,25
img_3169,1,15
img_3570,1,14
img_6894,2,24
img_3124,2,23
img_2790,2,22
img_4149,2,22
img_0666,1,13
img_6400,1,15
img_1287,1,11
img_6297,1,13
img_6313,2,21
img_3006,1,13
img_4035,2,23
img_0056,2,25
img_3628,2,24
img_0202,1,12
img_2781,1,14
img_2089,2,22
img_1015,1,12
img_1483,2,23
img_0863,2,21
img_1738,2,24
img_0714,2,25
img_5360,1,11
img_4571,1,14
img_2096,2,21
img_7085,1,13
img_1982,2,22
img_3086,1,12
img_6930,1,14
img_5364,2,21
img_0570,1,15
img_5861,2,24
img_6228,1,11
img_2570,1,15
img_6416,2,23
img_0712,2,24
img_0293,1,12
img_6143,2,23
img_1457,1,13
img_1709,2,21
img_2704,1,12
img_2673,1,12
img_2812,2,23
img_6465,1,14
img_7250,2,24
img_0421,1,12
img_4845,1,14
img_3780,1,14
img_6949,1,12
img_5019,1,15
img_0622,1,15
img_3550,1,11
img_4423,2,22
img_1763,2,21
img_1671,1,14
img_0899,2,22
img_3881,2,22
img_2241,1,13
img_4967,2,23
img_7266,2,22
img_2679,2,21
img_3940,1,14
img_2255,1,12
img_4816,1,11
img_0145,2,21
img_0918,1,11
img_3212,1,12
img_4180,2,21
img_6538,2,22
img_6843,1,11
img_1202,1,14
img_3078,1,12
img_0896,2,21
img_0950,1,15
img_3595,1,15
img_0789,1,15
img_4456,1,15
img_5356,2,25
img_4583,1,13
img_7137,1,12
img_1452,2,25
img_1924,2,22
img_2912,1,12
img_1062,2,24
img_3008,1,14
img_6218,1,15
img_4032,1,11
img_4373,2,24
img_2398,1,13
img_4922,2,21
img_0075,2,22
img_4847,2,22
img_7007,1,14
img_2345,1,12
img_2913,2,23
img_4070,2,22
img_5542,1,14
img_6811,1,14
img_7013,2,22
img_1211,2,24
img_1791,2,25
img_5569,1,12
img_0526,1,11
img_0120,1,11
img_6914,1,13
img_6014,1,11
img_6781,1,13
img_1940,2,21
img_4620,1,14
img_6748,1,15
img_4108,1,12
img_2247,1,12
img_6210,1,15
img_6299,2,23
img_3458,2,24
img_3491,1,12
img_2628,1,13
img_5509,2,25
img_0989,1,14
img_0372,2,23
img_2238,2,22
img_7350,1,15
img_5820,1,15
img_0849,2,21
img_5363,1,11
img_6844,1,12
img_1637,2,25
img_2106,1,11
img_6267,1,15
img_4930,1,13
img_2908,2,22
img_7333,1,14
img_6080,1,13
img_0187,2,23
img_6070,1,15
img_5653,2,23
img_0791,2,25
img_6927,2,25
img_2262,1,14
img_3088,1,15
img_1359,2,23
img_2347,2,23
img_3971,1,11
img_0948,1,11
img_1028,1,12
img_3133,2,24
img_2442,1,11
img_0628,2,22
img_4314,2,21
img_2602,2,25
img_2576,2,23
img_7290,2,24
img_0490,1,12
img_6243,1,14
img_3148,1,14
img_0618,2,21
img_2056,2,23
img_5039,2,24
img_4732,1,11
img_6058,2,23
img_1704,2,24
img_1992,1,13
img_0709,2,21
img_0727,1,11
img_3185,1,15
img_6427,2,23
img_7136,1,13
img_4766,2,24
img_1846,2,23
img_3218,1,13
img_1207,2,21
img_0438,1,13
img_2686,1,13
img_6827,1,15
img_2529,1,14
img_2806,2,22
img_4752,1,15
img_2196,2,25
img_6303,1,12
img_2627,1,14
img_5617,2,22
img_1310,1,14
img_5589,2,22
img_3474,1,12
img_2828,2,23
img_6474,1,15
img_7000,2,24
img_4535,1,14
img_6226,1,14
img_2322,2,24
img_3253,2,23
img_0350,2,24
img_2000,1,14
img_3195,2,23
img_5377,2,23
img_7088,1,12
img_3921,1,11
img_1996,1,11
img_2946,2,22
img_4254,2,23
img_1603,2,24
img_5967,2,25
img_1210,2,24
img_5287,2,24
img_1698,1,15
img_1358,1,14
img_6203,2,24
img_6185,1,11
img_1761,1,14
img_7129,2,21
img_2325,1,14
img_5905,2,25
img_5592,1,11
img_4910,1,11
img_5896,1,13
img_2957,2,23
img_3862,1,12
img_3051,2,25
img_7363,2,23
img_3166,1,13
img_1958,2,21
img_1786,1,12
img_0095,2,21
img_2582,1,11
img_4913,2,22
img_5969,1,15
img_0614,2,24
img_6265,2,21
img_6926,1,15
img_0332,2,22
img_3749,2,25
img_3231,2,25
img_3883,2,22
img_2260,1,11
img_7389,1,11
img_2176,1,13
img_6798,2,25
img_2110,1,11
img_3087,2,25
img_1685,1,11
img_2029,2,21
img_3490,2,24
img_1220,2,21
img_0940,2,24
img_4682,2,24
img_2157,1,14
img_5649,1,15
img_7036,1,13
img_3898,2,25
img_5882,1,11
img_2754,2,21
img_0068,1,14
img_2761,2,22
img_4114,1,12
img_2615,1,12
img_4272,1,14
img_6869,1,12
img_6933,1,12
img_2075,1,15
img_2127,2,24
img_3631,1,12
img_5655,1,15
img_0170,1,14
img_4329,2,24
img_2820,2,23
img_5395,1,13
img_6713,1,14
img_2769,1,12
img_1076,1,13
img_2046,2,21
img_3143,1,15
img_2519,1,11
img_1921,1,15
img_3765,2,24
img_3494,2,24
img_3559,1,13
img_3832,1,13
img_5436,2,23
img_2702,1,13
img_6355,1,13
img_4565,1,15
img_4509,1,12
img_2654,2,24
img_1414,2,22
img_6238,1,13
img_1739,1,15
img_5725,2,24
img_4612,2,24
img_1403,2,22
img_5976,1,13
img_4463,2,25
img_6509,2,24
img_0499,2,23
img_0198,2,22
img_0183,1,15
img_4346,1,15
img_0033,1,14
img_4398,1,15
img_5565,1,14
img_6088,1,13
img_0469,1,13
img_2782,2,21
img_2826,1,14
img_4926,2,24
img_0019,1,15
img_1405,2,21
img_1699,2,25
img_3375,1,12
img_3829,2,23
img_6911,2,25
img_4178,1,13
img_3104,2,24
img_3629,2,23
img_1727,1,13
img_3797,1,15
img_7031,2,24
img_3002,2,21
img_1057,2,22
img_4946,1,15
img_0804,1,15
img_2844,1,14
img_6383,2,23
img_2714,1,11
img_1555,2,24
img_5145,1,14
img_7183,2,23
img_6074,2,22
img_1517,1,15
img_1601,2,24
img_6116,2,25
img_3232,2,21
img_2902,2,23
img_2690,2,25
img_4045,1,12
img_3511,1,15
img_1263,2,23
img_3834,2,21
img_6260,1,11
img_4122,1,11
img_0767,1,12
img_1570,1,13
img_4841,1,11
img_3743,2,23
img_5724,1,15
img_5766,1,15
img_3035,2,24
img_1129,1,13
img_0875,2,23
img_1289,2,23
img_6557,1,14
img_0645,2,21
img_0134,1,13
img_0997,1,11
img_2465,2,22
img_5140,2,24
img_5979,1,11
img_7021,2,24
img_1486,2,24
img_2428,2,22
img_2189,2,24
img_6443,2,23
img_6838,2,24
img_3627,1,11
img_1373,1,11
img_5574,1,13
img_1020,2,23
img_1137,1,11
img_5397,1,12
img_0048,2,25
img_5845,2,25
img_7135,1,13
img_6019,1,14
img_2055,1,11
img_0485,1,12
img_4387,2,23
img_2545,1,15
img_6969,2,24
img_7091,2,24
img_5528,1,12
img_6889,2,25
img_6556,2,21
img_1497,2,22
img_1402,2,25
img_5358,1,12
img_1246,1,12
img_1171,1,14
img_0819,2,22
img_0895,2,24
img_6639,1,14
img_0262,2,22
img_2573,2,23
img_7101,2,24
img_5852,2,23
img_4382,1,13
img_2478,1,13
img_5311,2,23
img_0279,2,25
img_2119,1,14
img_2609,2,23
img_5021,2,23
img_3174,2,23
img_1642,2,23
img_0586,2,25
img_2286,2,22
img_6783,2,21
img_0298,2,24
img_1986,2,25
img_6847,1,13
img_1952,1,12
img_0805,1,12
img_2666,1,15
img_6971,1,13
img_2376,2,25
img_5816,2,22
img_4821,1,14
img_3108,1,14
img_7166,1,13
img_5956,1,13
img_4695,2,22
img_2563,2,22
img_2983,2,22
img_1931,2,24
img_3416,1,12
img_3428,1,14
img_1980,1,15
img_7017,2,24
img_3119,1,13
img_3569,2,21
img_4162,2,21
img_1047,1,15
img_1987,1,13
img_0931,1,11
img_6965,1,12
img_2924,2,24
img_1245,2,22
img_0387,1,12
img_5606,2,21
img_0696,1,11
img_6547,1,11
img_1427,1,14
img_0870,2,22
img_7233,2,22
img_6394,2,23
img_2301,2,23
img_0530,2,21
img_5878,1,13
img_5015,2,23
img_2451,1,11
img_5744,2,24
img_6677,2,23
img_5333,2,21
img_1033,1,11
img_0482,2,23
img_1097,1,14
img_2835,2,25
img_6487,1,12
img_5688,1,15
img_3596,2,23
img_3863,2,23
img_5804,2,25
img_2020,1,12
img_2604,1,11
img_6721,2,25
img_4311,1,13
img_2854,1,14
img_4975,1,12
img_0988,1,14
img_2497,2,23
img_6606,2,24
img_3440,2,25
img_4408,2,23
img_2048,2,24
img_6093,2,21
img_5918,2,22
img_0527,2,25
img_7230,1,13
img_3191,2,22
img_0077,1,13
img_0084,1,11
img_4107,2,23
img_0366,2,24
img_5259,2,22
img_0564,2,25
img_6423,2,21
img_1779,2,23
img_4647,1,13
img_4253,2,21
img_6856,2,23
img_6397,1,13
img_3851,1,11
img_0215,2,25
img_1656,1,15
img_7110,2,24
img_3433,1,15
img_3514,2,25
img_3833,1,12
img_1169,1,15
img_3393,2,24
img_1553,2,21
img_0316,2,24
img_0604,2,24
img_4579,2,25
img_1880,1,12
img_3092,2,23
img_5553,1,13
img_4860,2,24
img_1842,1,15
img_6199,2,25
img_3461,1,15
img_4034,2,21
img_5843,1,15
img_1691,2,24
img_5477,1,14
img_3562,2,23
img_3483,1,15
img_5018,1,11
img_0470,2,21
img_6871,2,21
img_2022,2,24
img_5154,2,25
img_4111,1,15
img_0364,1,11
img_2712,2,23
img_2613,2,22
img_6678,2,24
img_3533,1,13
img_5912,1,13
img_6092,2,24
img_5200,2,24
img_1396,2,22
img_1449,2,25
img_3664,2,22
img_6182,1,13
img_5414,2,22
img_5366,2,25
img_3577,1,12
img_0640,2,22
img_5972,2,21
img_6005,1,14
img_2928,1,15
img_1914,2,23
img_4242,2,24
img_7117,2,25
img_6390,2,21
img_6137,2,21
img_1134,1,14
img_2970,2,23
img_6176,2,24
img_0807,1,14
img_3796,2,21
img_3068,2,22
img_3181,2,22
img_1730,2,23
img_3548,1,13
img_6684,1,13
img_4397,2,21
img_6825,1,13
img_2697,2,25
img_3223,1,14
img_6231,1,12
img_1085,2,21
img_3610,1,12
img_7352,1,13
img_1663,2,22
img_0798,2,24
img_1991,1,12
img_1793,1,15
img_7080,2,21
img_4584,2,24
img_2993,2,24
img_3951,1,12
img_7232,2,23
img_6638,1,15
img_2830,1,12
img_6079,1,14
img_2571,2,23
img_7218,1,12
img_4643,1,12
img_2319,1,14
img_6909,1,11
img_1516,2,21
img_2158,2,25
img_1723,1,11
img_2126,1,14
img_6449,2,21
img_6062,2,25
img_3013,1,13
img_4132,2,23
img_5654,1,12
img_0977,2,23
img_7170,2,25
img_0581,2,22
img_6780,2,22
img_5153,1,12
img_7296,1,13
img_1386,2,21
img_1595,2,23
img_1946,2,23
img_1639,1,13
img_3677,1,15
img_2027,2,22
img_5505,1,14
img_3010,2,24
img_1305,2,25
img_5124,2,24
img_2414,2,23
img_2794,1,11
img_2391,2,21
img_2335,1,14
img_2224,1,12
img_1077,2,21
img_4213,2,23
img_0698,2,23
img_3383,2,22
img_2084,2,25
img_1559,1,15
img_3205,1,12
img_1523,1,15
img_1112,1,14
img_3835,2,24
img_0016,1,13
img_7243,2,23
img_5706,2,21
img_3290,2,25
img_0606,2,24
img_5835,1,13
img_4377,1,15
img_0121,1,15
img_5337,1,14
img_0827,1,11
img_0398,2,21
img_0381,1,15
img_4548,1,11
img_0706,2,23
img_1060,1,15
img_2145,1,12
img_1471,1,14
img_0465,1,13
img_7111,2,21
img_2845,2,22
img_3624,2,24
img_1248,1,12
img_2585,2,25
img_3714,1,12
img_1777,2,25
img_1620,2,25
img_6286,1,15
img_0651,1,11
img_6321,2,25
img_1330,2,24
img_4774,1,12
img_4451,1,12
img_0015,1,14
img_2951,2,23
img_5349,1,15
img_1984,1,13
img_4550,1,12
img_5915,2,23
img_1345,2,23
img_3317,2,22
img_0286,2,21
img_6543,1,12
img_5138,1,13
img_0184,1,11
img_6710,2,21
img_3694,2,21
img_2079,2,23
img_0765,1,13
img_1343,2,23
img_2852,2,24
img_5235,2,21
img_1753,1,14
img_2429,2,21
img_7188,2,24
img_1224,1,13
img_1950,2,23
img_2171,2,25
img_5995,2,22
img_3973,2,24
img_1579,1,12
img_1354,1,13
img_7009,2,24
img_2514,2,22
img_6411,2,24
img_1893,2,21
img_0751,1,14
img_3031,2,21
img_2054,1,13
img_3363,2,22
img_3037,2,22
img_0796,1,12
img_3457,2,21
img_6562,2,24
img_0685,2,25
img_5920,1,15
img_1143,2,23
img_4730,1,14
img_1587,1,11
img_3096,1,14
img_4209,1,12
img_2631,2,21
img_1716,2,22
img_0945,2,22
img_0892,2,24
img_6746,1,15
img_5647,2,23
img_4109,2,25
img_4784,1,12
img_5786,2,22
img_0097,1,12
img_4136,1,14
img_7240,2,23
img_4995,1,14
img_4973,2,24
img_0752,1,12
img_1294,2,21
img_5885,1,15
img_2392,2,22
img_5253,2,22
img_3666,2,24
img_1253,2,21
img_5216,2,23
img_5608,2,24
img_0690,2,25
img_6134,1,15
img_4245,1,12
img_6731,1,14
img_4865,2,23
img_2314,1,12
img_6697,1,13
img_5809,2,23
img_6471,2,24
img_5063,1,13
img_3507,1,14
img_0102,1,15
img_4405,2,21
img_4446,1,14
img_2853,2,24
img_1204,2,23
img_5827,1,11
img_6948,1,13
img_2181,2,25
img_5462,1,15
img_2811,1,14
img_1409,1,13
img_1165,1,12
img_0900,1,14
img_6845,1,11
img_5044,1,12
img_5686,2,24
img_4725,1,15
img_6194,1,12
img_0529,1,15
img_5722,2,24
img_2122,1,15
img_2284,1,14
img_3406,1,14
img_3312,1,15
img_5930,2,24
img_5643,1,12
img_1599,1,14
img_4645,1,15
img_4551,2,25
img_5910,1,12
img_4923,1,15
img_6928,1,15
img_2228,2,25
img_6945,2,21
img_3265,2,22
img_3992,2,23
img_6641,2,23
img_5122,2,23
img_3453,1,13
img_5449,2,21
img_5387,1,13
img_2095,1,11
img_6600,2,22
img_1894,1,13
img_3556,2,24
img_6594,1,13
img_3515,2,25
img_1218,1,12
img_4631,1,13
img_2535,2,24
img_6353,2,22
img_6587,2,22
img_0390,2,24
img_3722,2,23
img_0080,1,11
img_3436,1,13
img_6497,2,25
img_0692,1,13
img_3162,1,12
img_3033,1,13
img_3705,1,14
img_6325,2,23
img_5591,2,24
img_1836,1,13
img_0841,2,21
img_2217,1,14
img_1135,2,22
img_2229,2,23
img_5379,1,12
img_2390,2,24
img_2593,1,15
img_2024,1,12
img_0223,2,21
img_4838,1,15
img_0879,2,22
img_1280,1,14
img_2356,1,11
img_6846,1,12
img_5111,1,12
img_2591,2,23
img_0261,2,25
img_4028,1,14
img_3114,1,12
img_3802,1,13
img_3959,2,25
img_3129,2,24
img_0063,1,14
img_6212,1,14
img_2977,1,14
img_2625,2,23
img_3320,2,22
img_6387,1,12
img_6372,1,11
img_4121,1,13
img_4985,1,11
img_7197,2,22
img_5224,2,22
img_5579,1,12
img_5650,2,24
img_2548,2,25
img_2424,1,14
img_3858,2,21
img_5471,2,22
img_1832,2,25
img_1890,2,22
img_0326,2,24
img_5849,2,24
img_1767,1,13
img_2450,2,23
img_3794,2,21
img_5621,2,21
img_4676,2,24
img_2734,1,12
img_1569,2,25
img_4330,1,14
img_3093,2,25
img_0342,2,25
img_6995,2,23
img_2789,1,12
img_5077,1,13
img_0225,2,25
img_7359,2,22
img_6980,1,12
img_0325,1,13
img_2520,2,24
img_4389,2,23
img_4024,1,13
img_0994,2,25
img_4495,1,11
img_6768,2,23
img_1451,1,14
img_2823,2,23
img_2244,1,14
img_0351,2,23
img_6619,2,21
img_0331,2,23
img_2162,1,13
img_1194,2,21
img_0437,2,24
img_0995,2,24
img_3189,1,11
img_3083,2,24
img_2298,2,21
img_1646,1,15
img_6363,1,11
img_7105,1,13
img_1951,2,22
img_1891,2,21
img_4965,1,13
img_2760,2,22
img_6030,1,12
img_3001,1,14
img_1998,1,11
img_5546,2,23
img_4824,1,14
img_1608,2,23
img_0135,2,22
img_6804,1,11
img_1747,1,14
img_5556,1,11
img_4642,1,13
img_2802,1,15
img_0689,2,22
img_0982,1,14
img_4672,1,13
img_1312,1,11
img_1029,2,23
img_4040,2,24
img_5731,1,14
img_0137,1,13
img_3508,2,24
img_7205,2,23
img_6513,1,13
img_1911,2,24
img_5208,2,21
img_0169,2,21
img_6957,2,23
img_0189,1,15
img_5448,2,21
img_6657,2,25
img_0460,1,14
img_2997,2,24
img_5944,2,22
img_5537,1,13
img_5205,2,25
img_7262,2,21
img_5658,2,22
img_0667,2,22
img_2821,1,12
img_6089,1,14
img_3967,1,11
img_1634,2,25
img_2149,2,22
img_4351,2,24
img_1361,1,14
img_6157,1,12
img_5273,1,11
img_5156,1,13
img_4419,1,11
img_2111,2,25
img_3630,2,21
img_4142,2,22
img_3744,2,22
img_2306,2,22
img_1090,1,12
img_1297,1,15
img_2172,2,22
img_0356,1,12
img_0106,1,11
img_5704,2,23
img_4052,2,21
img_1477,1,11
img_0926,1,13
img_3470,2,23
img_1351,1,12
img_1888,2,23
img_1098,2,25
img_1299,2,24
img_1421,2,22
img_1104,1,13
img_1573,2,21
img_5103,2,22
img_5441,2,22
img_5470,2,21
img_5020,1,15
img_1130,1,14
img_1686,2,22
img_2577,2,21
img_1566,2,25
img_2472,1,14
img_5427,2,21
img_1089,2,21
img_0650,1,11
img_5939,1,11
img_6122,1,12
img_4126,1,15
img_5428,1,14
img_0808,1,11
img_2534,1,13
img_4781,2,21
img_1142,1,15
img_1215,1,11
img_4779,2,25
img_6371,2,21
img_3418,2,23
img_2555,1,13
img_5386,2,24
img_4296,1,15
img_2133,2,21
img_1186,1,14
img_5612,2,23
img_6042,1,14
img_0659,2,25
img_4437,2,24
img_6278,2,22
img_6369,2,25
img_6439,2,24
img_5418,1,12
img_1778,2,22
img_1539,1,12
img_4153,1,15
img_1328,2,22
img_6350,2,24
img_6451,2,24
img_6021,1,11
img_3592,1,13
img_5185,1,14
img_2104,2,23
img_5656,2,24
img_2827,2,21
img_6964,2,25
img_5210,2,25
img_6621,2,23
img_0573,1,14
img_1510,2,23
img_5076,2,21
img_5739,2,25
img_4939,1,14
img_2248,1,14
img_3558,1,13
img_5189,1,15
img_1937,1,11
img_1598,2,24
img_2318,2,21
img_3903,1,15
img_3374,1,13
img_3518,2,22
img_0457,2,23
img_6094,2,21
img_6082,2,21
img_1606,1,12
img_1214,1,12
img_0273,2,21
img_3342,1,11
img_6319,1,11
img_1831,1,11
img_5240,1,12
img_1948,1,13
img_6576,2,23
img_4367,1,15
img_4174,1,13
img_4575,2,23
img_2911,1,12
img_5305,1,12
img_6683,1,13
img_4335,1,11
img_2999,2,24
img_2200,2,24
img_6412,1,11
img_5178,2,21
img_1212,2,25
img_1003,1,12
img_4184,1,13
img_2756,2,24
img_4849,2,23
img_1041,2,25
img_5319,1,15
img_0446,2,22
img_5863,1,14
img_5072,1,12
img_4720,2,22
img_1271,1,15
img_1775,2,22
img_6743,2,21
img_7134,2,25
img_4767,2,23
img_1896,2,23
img_0100,2,24
img_2990,1,11
img_6698,1,11
img_1562,2,21
img_5858,1,15
img_4473,2,21
img_6841,1,11
img_1575,2,23
img_6162,1,11
img_0008,1,14
img_1285,2,22
img_2434,1,14
img_5965,2,21
img_1660,1,11
img_2681,2,23
img_4350,1,15
img_4164,1,14
img_1216,1,14
img_7372,1,13
img_4202,2,23
img_3811,2,22
img_6323,1,12
img_1443,2,21
img_4787,1,13
img_4347,1,13
img_4008,1,11
img_3272,1,12
img_1811,1,14
img_2979,2,24
img_6037,1,14
img_5891,1,11
img_4621,2,22
img_6800,1,13
img_5934,1,15
img_7104,2,21
img_5559,2,25
img_6826,2,24
img_6598,2,24
img_7005,1,11
img_0022,2,23
img_6635,2,23
img_4299,1,11
img_0874,1,14
img_5245,1,14
img_1567,2,22
img_2930,2,25
img_1652,1,11
img_5258,2,24
img_2271,1,13
img_2508,1,15
img_7330,1,15
img_2676,1,12
img_6998,1,12
img_1416,2,21
img_1969,2,24
img_2338,2,22
img_4796,1,11
img_4870,2,23
img_1927,1,11
img_5735,1,13
img_0793,1,14
img_1260,1,14
img_4886,1,14
img_1901,2,21
img_1681,2,21
img_1378,1,11
img_6330,2,25
img_1206,1,12
img_3081,2,25
img_5335,2,25
img_1858,1,14
img_3665,1,12
img_2857,2,22
img_2184,2,24
img_5733,2,23
img_3173,1,15
img_1728,2,24
img_0571,1,12
img_4374,1,14
img_5082,2,22
img_6401,2,23
img_2672,1,13
img_1500,2,25
img_1507,1,11
img_6061,1,12
img_0009,2,24
img_5246,2,23
img_5199,2,23
img_6797,1,11
img_2952,2,24
img_1966,2,25
img_0584,2,25
img_4956,2,25
img_3954,1,11
img_4932,2,23
img_6470,1,13
img_2292,2,21
img_2793,2,21
img_2636,1,14
img_2103,2,23
img_3298,2,22
img_6158,2,21
img_4484,2,25
img_0414,1,15
img_6757,1,14
img_6229,2,24
img_3532,2,23
img_1881,1,12
img_0001,2,24
img_6247,1,15
img_4211,1,13
img_0176,1,11
img_1026,1,11
img_3602,2,22
img_0889,2,21
img_5802,2,22
img_7355,1,13
img_6145,1,13
img_5353,2,21
img_4688,2,21
img_4739,1,13
img_4474,2,25
img_5315,1,14
img_0597,2,23
img_3962,1,11
img_1068,2,24
img_5568,1,15
img_3778,1,15
img_3492,1,15
img_2444,1,12
img_4168,1,12
img_1038,2,24
img_3047,2,21
img_2749,1,15
img_2956,2,22
img_0567,2,23
img_4077,2,24
img_6701,1,11
img_6179,2,23
img_0335,2,24
img_6159,1,14
img_4315,1,12
img_7195,2,24
img_5091,1,13
img_2475,1,14
img_1889,2,21
img_2489,1,13
img_4953,2,22
img_5694,1,13
img_4026,2,25
img_0343,1,11
img_4227,1,12
img_3812,1,11
img_2693,1,14
img_4525,1,15
img_1004,1,12
img_2978,2,24
img_2021,2,22
img_5501,2,25
img_4846,1,15
img_7318,2,25
img_0968,1,14
img_5792,2,23
img_7356,2,24
img_1103,2,23
img_4150,2,22
img_5573,1,11
img_6016,2,24
img_0287,1,13
img_0035,2,21
img_3641,1,11
img_1240,1,13
img_6714,2,24
img_1499,2,23
img_3756,2,25
img_3859,2,25
img_4490,1,13
img_0003,2,24
img_3736,1,12
img_4598,1,15
img_1589,1,11
img_6860,2,24
img_0672,2,24
img_1295,1,12
img_2741,1,13
img_4501,2,22
img_3267,1,14
img_3644,1,12
img_7073,1,12
img_3054,2,21
img_0911,2,21
img_6245,1,12
img_5426,2,21
img_2887,1,15
img_2723,2,21
img_4381,1,14
img_6760,1,12
img_4522,1,13
img_1200,1,14
img_3283,1,14
img_0061,1,15
img_7090,1,13
img_3198,2,23
img_5129,2,21
img_4092,1,14
img_7035,1,12
img_5410,1,12
img_7116,2,23
img_1633,1,12
img_6392,2,24
img_5221,2,25
img_0620,2,23
img_3952,2,23
img_1902,2,23
img_1094,2,21
img_2170,1,12
img_3193,2,21
img_3604,1,13
img_3793,2,25
img_0090,2,24
img_7063,2,23
img_2209,1,15
img_1840,1,15
img_4818,2,22
img_4075,1,14
img_2589,1,14
img_4741,2,22
img_1572,2,21
img_4440,1,13
img_1518,2,21
img_5666,2,24
img_3430,2,25
img_2674,1,11
img_6373,1,11
img_3763,2,24
img_1087,2,25
img_1044,1,14
img_4106,2,25
img_0161,1,14
img_3733,1,14
img_3326,1,11
img_1389,2,23
img_7097,1,11
img_2077,1,12
img_3818,2,25
img_6605,2,24
img_6842,2,21
img_2584,2,25
img_4144,1,13
img_1432,1,14
img_1325,2,21
img_5355,1,14
img_4531,1,15
img_5473,2,21
img_3256,1,15
img_5932,2,24
img_5924,2,22
img_5267,2,22
img_0065,1,13
img_4738,1,13
img_0306,1,15
img_2323,2,23
img_6496,2,25
img_5317,2,25
img_1131,1,12
img_5306,2,22
img_5096,1,12
img_4257,2,22
img_2246,1,14
img_6022,1,13
img_6659,1,12
img_4449,2,21
img_6863,1,15
img_3268,1,11
img_3361,1,14
img_3922,2,25
img_6859,2,23
img_6524,2,23
img_3167,1,15
img_1947,1,15
img_1909,2,25
img_3128,2,25
img_6770,2,22
img_7124,1,14
img_6360,2,23
img_6147,1,13
img_6756,2,21
img_5257,2,25
img_2358,2,22
img_2488,1,14
img_1613,1,13
img_1113,2,25
img_0884,1,15
img_4753,2,22
img_2947,2,23
img_2349,1,14
img_3451,2,22
img_3423,1,15
img_4966,1,14
img_2252,2,24
img_4014,2,23
img_7068,1,13
img_5893,2,22
img_4737,1,15
img_2266,1,15
img_1182,1,12
img_0473,2,22
img_3208,2,22
img_4679,1,11
img_4344,2,23
img_0559,2,21
img_2011,2,25
img_1278,2,23
img_0922,1,11
img_4941,1,12
img_6270,1,15
img_4305,1,14
img_0259,2,24
img_5001,2,25
img_6961,1,13
img_1145,1,13
img_6109,2,23
img_5850,1,14
img_5081,1,12
img_7383,1,11
img_7286,2,23
img_5230,2,24
img_1797,2,23
img_3872,2,23
img_6481,2,24
img_5425,2,22
img_0360,2,23
img_3152,1,13
img_7387,1,12
img_1618,2,24
img_7181,2,25
img_5031,2,25
img_3052,2,22
img_6775,2,24
img_4962,1,14
img_1078,1,15
img_7384,2,24
img_5089,1,13
img_2303,1,15
img_2506,1,13
img_6644,1,12
img_2142,1,13
img_2399,1,12
img_5260,2,22
img_4744,1,11
img_7045,2,22
img_6417,1,15
img_2883,2,24
img_2135,2,24
img_5993,2,22
img_3168,2,23
img_1772,2,24
img_4958,2,25
img_3826,1,12
img_4711,2,24
img_3505,1,13
img_0307,2,25
img_3525,1,14
img_5958,1,11
img_6564,2,21
img_1259,2,22
img_7012,2,25
img_5635,2,24
img_1965,1,15
img_0976,2,21
img_6650,2,24
img_6994,1,15
img_0753,2,21
img_2361,1,14
img_2842,1,15
img_0730,1,11
img_4073,1,14
img_0050,2,22
img_6308,1,12
img_3414,1,12
img_6690,1,15
img_1577,1,13
img_2644,2,25
img_4900,1,15
img_1503,1,13
img_2333,1,12
img_0282,1,15
img_4949,2,24
img_0395,2,23
img_4916,2,21
img_2395,2,24
img_1487,1,14
img_7052,2,22
img_3379,1,11
img_4246,1,13
img_0877,1,13
img_1480,1,12
img_1399,2,21
img_7373,2,22
img_5310,2,23
img_5226,2,24
img_3438,2,22
img_1174,2,25
img_2050,2,22
img_3240,2,23
img_4263,1,15
img_2187,1,13
img_1866,2,23
img_6200,2,22
img_2685,1,11
img_6004,1,13
img_0257,2,25
img_6836,2,25
img_4934,1,13
img_0477,1,11
img_5783,1,11
img_1092,2,25
img_1251,1,15
img_0602,2,22
img_2546,2,24
img_3287,2,23
img_4898,1,15
img_4268,1,15
img_5369,2,21
img_3584,1,12
img_0582,1,13
img_0725,1,15
img_1776,2,23
img_1932,1,11
img_0433,1,12
img_0340,2,21
img_0732,2,24
img_3890,1,14
img_0168,2,21
img_3805,2,22
img_2652,1,14
img_1912,1,13
img_2118,1,13
img_4251,2,24
img_7287,2,24
img_4027,2,21
img_0233,1,13
img_0748,1,14
img_1696,2,24
img_0991,1,13
img_4491,2,25
img_0598,2,25
img_0274,1,12
img_4872,2,21
img_1855,1,13
img_0127,1,14
img_4660,2,24
img_0515,2,23
img_3586,2,22
img_1801,2,23
img_2643,2,23
img_6985,1,15
img_6398,1,13
img_6983,2,23
img_1943,2,22
img_7229,1,11
img_1219,1,12
img_6668,2,23
img_3927,2,21
img_5004,1,14
img_6997,1,15
img_1535,2,23
img_6820,1,15
img_7341,1,15
img_6922,2,21
img_6808,2,23
img_2705,1,15
img_5808,2,24
img_6586,1,15
img_4286,2,23
img_4080,2,24
img_3425,2,23
img_3138,2,24
img_0295,1,12
img_0621,1,13
img_4472,2,24
img_7278,1,12
img_3867,1,15
img_5487,2,24
img_7274,2,21
img_6049,2,21
img_4980,1,11
img_0682,2,24
img_7010,1,13
img_1012,1,14
img_2859,2,24
img_2351,2,24
img_2094,2,23
img_1658,1,14
img_1917,1,11
img_4297,1,15
img_1621,1,13
img_1818,1,11
img_0115,1,14
img_5585,1,13
img_6020,1,12
img_3295,1,11
img_2890,2,21
img_2198,1,12
img_1322,2,25
img_1065,2,25
img_1600,2,25
img_2906,1,15
img_4661,1,13
img_3597,2,25
img_4078,2,23
img_7107,1,12
img_1201,1,11
img_2081,2,22
img_6125,2,23
img_2353,1,15
img_6735,1,13
img_5867,2,22
img_6381,1,15
img_2779,1,11
img_3516,1,12
img_2326,1,12
img_4081,2,24
img_6671,2,25
img_5938,1,15
img_4601,2,24
img_3056,1,12
img_4443,1,15
img_2882,1,15
img_6118,1,13
img_3916,2,22
img_2692,1,13
img_4616,2,25
img_5195,1,14
img_1594,1,13
img_6549,2,23
img_2487,2,23
img_2415,1,14
img_4054,1,12
img_3512,1,12
img_3578,2,25
img_2017,2,24
img_5564,2,25
img_2996,1,12
img_5243,2,21
img_3588,2,24
img_7306,2,21
img_6221,2,25
img_2240,2,22
img_4605,2,23
img_4944,1,11
img_3849,2,25
img_4421,2,23
img_6816,1,15
img_7056,1,14
img_4110,1,15
img_1934,1,14
img_3141,1,14
img_3779,2,23
img_2188,1,14
img_1977,2,24
img_2574,2,22
img_3799,1,14
img_2773,1,14
img_5645,1,12
img_4881,1,11
img_4770,2,23
img_4394,2,24
img_3462,1,11
img_0719,1,15
img_2559,2,25
img_3707,1,15
img_2039,1,14
img_5170,1,11
img_0868,1,15
img_5963,1,14
img_0861,1,15
img_6529,1,13
img_5497,2,22
img_4969,2,21
img_3392,1,13
img_5616,1,13
img_4782,2,23
img_1701,2,24
img_1105,2,22
img_1785,2,24
img_0568,1,12
img_1334,2,21
img_2564,1,13
img_3509,2,25
img_5674,1,13
img_4733,2,21
img_4801,2,22
img_4627,1,12
img_2596,1,12
img_4176,1,14
img_0393,2,22
img_6887,1,14
img_7002,1,15
img_4611,2,25
img_6685,1,14
img_7305,1,13
img_4425,2,22
img_3062,2,23
img_3113,2,25
img_4453,2,24
img_6244,2,25
img_3034,1,14
img_6250,2,25
img_2413,2,23
img_4220,2,25
img_4789,1,14
img_7228,2,24
img_2590,1,13
img_4414,1,12
img_1344,2,25
img_2185,2,23
img_0831,1,14
img_7176,1,12
img_5864,2,22
img_5438,1,14
img_3935,2,25
img_5087,2,24
img_2062,1,14
img_4960,1,13
img_6052,1,15
img_5294,2,21
img_3871,1,13
img_2557,2,21
img_3614,2,22
img_1454,1,14
img_4195,2,23
img_4007,1,15
img_0932,1,14
img_6675,2,23
img_4316,1,15
img_2491,2,22
img_5640,2,21
img_3106,2,25
img_7128,1,13
img_4887,1,15
img_1605,1,15
img_1700,2,21
img_2408,1,15
img_5206,2,25
img_5632,1,11
img_1355,2,22
img_0593,2,23
img_1748,2,25
img_1521,2,23
img_4867,1,13
img_3177,2,21
img_5009,1,15
img_3534,1,12
img_0250,2,22
img_2194,2,24
img_3587,1,15
img_6729,1,12
img_0839,2,25
img_5475,1,12
img_5100,1,12
img_2420,2,24
img_7370,1,13
img_3574,1,12
img_5515,2,24
img_6121,1,11
img_3925,2,22
img_2155,1,15
img_3197,2,22
img_6189,2,21
img_5745,1,14
img_1736,1,15
img_3472,1,11
img_2436,1,13
img_5760,2,23
img_3726,1,13
img_5723,2,24
img_2567,1,13
img_6722,2,22
img_6620,2,24
img_6895,2,23
img_6674,1,13
img_7027,1,14
img_5137,1,13
img_3625,1,14
img_2183,1,15
img_5599,1,13
img_0556,1,11
img_3593,2,22
img_3339,2,21
img_2964,1,14
img_3404,1,12
img_0917,1,11
img_2533,2,23
img_3761,2,23
img_4799,2,21
img_0426,1,14
img_5117,2,25
img_1022,1,14
img_2467,2,22
img_0821,2,24
img_4716,1,15
img_3023,2,24
img_4101,2,23
img_4399,2,25
img_3073,1,11
img_4640,2,21
img_3089,1,13
img_1283,1,13
img_0681,2,25
img_5711,1,11
img_7061,1,12
img_1311,2,21
img_2626,1,12
img_0247,2,24
img_5108,2,24
img_2038,1,11
img_1590,2,23
img_2221,2,21
img_1929,1,14
img_6024,1,14
img_2421,2,22
img_5033,2,24
img_1198,2,24
img_3767,1,11
img_0774,1,11
img_5957,2,21
img_0736,1,12
img_2102,2,21
img_1971,2,22
img_0856,1,13
img_4224,1,15
img_5984,2,25
img_3920,1,11
img_0745,2,23
img_5345,1,11
img_2888,1,13
img_2874,2,21
img_2002,2,22
img_0784,1,12
img_3894,1,13
img_5000,1,12
img_2986,2,24
img_4181,1,12
img_6861,1,11
img_5821,2,24
img_2819,2,23
img_6120,2,23
img_5405,2,21
img_6356,1,15
img_3656,2,22
img_3216,2,25
img_3746,1,12
img_3855,1,14
img_2515,2,24
img_6936,2,21
img_3466,1,12
img_6978,1,15
img_1235,1,14
img_3262,2,25
img_3323,1,12
img_0147,1,13
img_7277,1,14
img_5261,2,24
img_1910,1,15
img_6374,1,13
img_7347,1,12
img_5921,1,15
img_1032,2,24
img_1491,2,21
img_4355,1,13
img_5776,2,23
img_3125,1,14
img_1630,2,22
img_0885,2,24
img_5856,2,21
img_2653,2,21
img_4376,2,22
img_3367,1,14
img_5367,1,15
img_0211,1,14
img_2659,2,24
img_3238,1,14
img_1188,1,13
img_0723,2,25
img_5032,2,21
img_0159,2,23
img_6647,1,11
img_0166,2,21
img_0574,2,21
img_1466,2,25
img_3728,2,23
img_4948,1,12
img_0946,1,11
img_0010,1,13
img_0294,2,21
img_6944,1,15
img_5336,1,15
img_2942,2,23
img_4804,1,15
img_4165,2,23
img_2910,2,22
img_0919,1,11
img_6654,2,24
img_0641,1,13
img_6585,1,12
img_0466,1,12
img_4891,1,12
img_7339,1,14
img_5110,2,23
img_2482,2,22
img_2223,1,14
img_2905,2,21
img_6942,1,14
img_1770,1,14
img_4017,2,23
img_6196,2,21
img_1609,2,24
img_3259,1,13
img_1697,2,23
img_4064,2,21
img_3396,1,12
img_3800,2,22
img_7113,1,12
img_3809,1,13
img_4466,2,24
img_5672,2,24
img_1711,1,14
img_1036,2,25
img_0555,1,12
img_4580,2,21
img_5991,2,23
img_6623,2,24
img_1712,2,21
img_6241,1,15
img_3926,2,25
img_4066,1,14
img_7349,2,23
img_1693,2,25
img_4743,2,24
img_5112,2,24
img_0291,2,25
img_6940,1,11
img_2411,1,12
img_4561,2,25
img_2470,1,11
img_2898,2,24
img_0174,1,13
img_5423,2,24
img_2060,1,11
img_1037,2,23
img_6235,1,14
img_4236,2,24
img_6741,1,14
img_5541,1,14
img_0704,1,15
img_0843,2,25
img_0944,2,24
img_6990,2,21
img_5703,2,24
img_5571,1,14
img_4726,2,24
img_5407,2,24
img_4003,1,15
img_0600,1,14
img_1766,1,12
img_1093,2,24
img_3157,1,13
img_4844,2,25
img_2091,1,11
img_3308,2,25
img_2486,1,13
img_6872,1,15
img_6183,1,13
img_5567,2,22
img_4854,2,24
img_6663,2,22
img_2283,2,24
img_7361,2,23
img_7382,2,25
img_3117,2,21
img_3766,2,24
img_0638,1,13
img_1874,1,15
img_0126,2,21
img_0441,1,11
img_3980,1,13
img_1413,2,22
img_3706,2,23
img_3676,2,21
img_3386,1,12
img_6255,2,21
img_6263,2,25
img_1580,1,13
img_6293,2,24
img_0594,1,12
img_4428,2,24
img_0361,2,21
img_3004,1,11
img_0041,2,24
img_2308,1,12
img_6893,2,25
img_3382,1,12
img_1724,1,12
img_6132,1,15
img_5518,2,24
img_5902,1,15
img_2799,2,23
img_7164,2,21
img_7219,1,14
img_1939,1,13
img_5523,1,15
img_7259,2,22
img_2617,1,11
img_4662,1,13
img_5147,2,23
img_7139,1,11
img_2728,1,13
img_3575,1,14
img_1705,1,15
img_4255,1,11
img_3910,1,13
img_0425,2,23
img_4118,2,23
img_4287,2,25
img_1899,1,14
img_4352,2,23
img_0355,1,15
img_6096,2,21
img_6852,2,23
img_6040,1,11
img_7123,1,11
img_2680,1,15
img_6627,1,13
img_4210,2,22
img_2707,2,22
img_3077,1,11
img_1397,1,15
img_5609,2,21
img_5003,1,15
img_2748,1,15
img_6327,2,21
img_4648,1,12
img_5742,2,22
img_1175,2,23
img_1437,2,22
img_4188,1,15
img_1742,2,25
img_4917,1,14
img_5660,2,24
img_0404,2,25
img_0721,1,15
img_4557,2,25
img_0220,2,21
img_0585,1,11
img_5114,1,12
img_4223,1,12
img_5237,2,23
img_5211,1,11
img_7016,2,25
img_0479,1,12
img_4708,1,14
img_4281,2,21
img_7118,2,22
img_6311,1,12
img_1075,1,12
img_4303,2,24
img_4435,1,14
img_2007,2,25
img_2861,2,24
img_4076,2,22
img_1338,1,11
img_5727,2,21
img_5699,2,22
img_5385,1,14
img_0840,1,14
img_6444,1,14
img_1729,2,24
img_6366,1,14
img_6393,2,21
img_1192,1,14
img_3085,2,21
img_6695,2,23
img_0786,1,12
img_0493,1,11
img_6087,2,24
img_5832,1,12
img_1237,1,13
img_4521,2,21
img_1584,1,12
img_2516,1,14
img_2657,1,15
img_1444,2,25
img_1254,2,21
img_6784,2,21
img_2169,2,24
img_5460,1,15
img_2294,2,24
img_1223,2,25
img_0579,2,22
img_7204,1,11
img_2047,1,14
img_2481,2,25
img_7316,2,25
img_4892,2,24
img_3022,1,14
img_6763,2,21
img_4156,1,14
img_7024,1,12
img_6640,2,23
img_7212,2,25
img_3774,1,14
img_5241,1,13
img_5339,1,11
img_5814,2,21
img_0788,1,13
img_4031,2,25
img_4158,1,14
img_7006,1,12
img_2336,1,11
img_3322,1,12
img_2166,1,12
img_0158,1,11
img_1537,2,22
img_7342,1,14
img_3007,2,23
img_2417,1,14
img_7075,2,25
img_2015,2,25
img_3786,1,13
img_4919,2,22
img_3645,1,14
img_5264,1,15
img_0113,2,24
img_5101,2,22
img_3972,2,23
img_4603,2,24
img_6006,1,13
img_2539,1,14
img_6216,1,14
img_6981,1,15
img_0941,2,25
img_6426,1,11
img_3725,2,23
img_5070,1,11
img_1420,2,21
img_6968,1,11
img_6537,2,23
img_3860,2,24
img_0772,2,21
img_3112,1,11
img_6482,2,23
img_4751,2,22
img_3082,2,25
img_3257,1,15
img_4215,2,24
img_1941,1,11
img_2547,2,22
img_2023,2,24
img_4160,2,24
img_4230,1,15
img_2049,1,14
img_2921,2,22
img_2682,1,14
img_5904,2,23
img_5118,2,23
img_6380,2,23
img_7014,2,23
img_6307,2,25
img_6696,2,22
img_2752,1,13
img_5313,2,24
img_5184,2,24
img_6848,1,11
img_4004,1,12
img_6433,2,21
img_6967,1,13
img_6220,2,22
img_3953,1,14
img_1719,2,23
img_4820,2,24
img_2304,1,12
img_4113,1,14
img_5254,2,22
img_4320,2,25
img_0058,2,23
img_1592,2,22
img_2287,2,25
img_7160,1,13
img_7348,2,22
img_6725,2,24
img_5229,2,23
img_4696,1,11
img_0553,2,21
img_6840,2,23
img_4532,1,11
img_5793,1,12
img_2954,2,24
img_4288,2,22
img_0665,1,13
img_0880,1,11
img_1782,2,22
img_3843,1,12
img_3581,2,23
img_6164,1,13
img_2173,2,22
img_4185,1,13
img_2601,2,21
img_0260,1,12
img_5080,2,25
img_6807,2,25
img_1848,2,25
img_1735,2,23
img_1990,1,15
img_3620,1,15
img_0814,1,12
img_0658,2,22
img_4931,2,22
img_3745,2,22
img_1016,1,11
img_5400,2,22
img_5279,2,24
img_2071,1,15
img_3585,1,11
img_2337,2,22
img_6616,1,15
img_6515,2,24
img_1160,1,15
img_7149,2,23
img_1179,2,25
img_2731,2,22
img_2382,2,24
img_0480,1,12
img_0860,2,22
img_4609,1,12
img_7285,2,21
img_0970,1,12
img_3979,2,24
img_0580,2,25
img_1199,1,13
img_4146,1,12
img_2838,2,25
img_4402,1,13
img_3667,1,13
img_6324,2,23
img_4686,1,12
img_3144,2,24
img_5061,2,25
img_5637,1,15
img_0167,1,12
img_5511,1,11
img_6491,1,15
img_0543,1,14
img_0415,1,12
img_0661,2,23
img_2934,2,25
img_0118,2,23
img_5639,1,11
img_2554,2,22
img_7041,2,25
img_4615,1,15
img_4663,1,13
img_6213,2,21
img_1538,2,21
img_7391,2,22
img_3469,1,13
img_3917,2,21
img_5142,2,21
img_6206,2,21
img_5751,1,14
img_2974,2,24
img_4388,1,12
img_7152,2,23
img_0328,1,13
img_4450,2,23
img_5824,1,11
img_3978,1,15
img_0322,2,22
img_4736,2,22
img_5191,1,15
img_6054,2,23
img_5105,1,12
img_6758,1,14
img_4802,2,23
img_3982,1,11
img_2630,1,12
img_0562,2,25
img_1706,1,13
img_0309,2,25
img_3653,1,13
img_6239,1,14
img_7115,2,21
img_3160,2,22
img_0776,1,11
img_4222,2,24
img_0440,1,12
img_4914,1,12
img_2616,2,25
img_5256,2,22
img_1167,2,25
img_4907,2,23
img_0724,2,24
img_3344,1,14
img_7254,2,24
img_3567,1,14
img_1847,1,11
img_3636,1,13
img_4345,1,14
img_5186,2,22
img_5421,2,23
img_4020,2,23
img_3347,2,22
img_1689,2,24
img_1829,1,13
img_6209,2,24
img_0374,2,23
img_4410,2,21
img_5773,1,12
img_6095,1,13
img_4712,1,12
img_1050,2,23
img_5879,2,21
img_7020,2,23
img_6558,2,24
img_1769,1,14
img_1428,2,25
img_4438,2,24
img_2393,2,24
img_1644,1,13
img_6645,1,11
img_6217,1,14
img_3017,2,23
img_3437,1,14
img_2276,2,24
img_5270,2,23
img_4748,1,11
img_7270,1,15
img_4634,1,14
img_6793,2,25
img_2281,2,25
img_3970,2,21
img_6610,2,24
img_4778,2,22
img_7268,2,23
img_2945,2,22
img_5318,2,25
img_7331,1,14
img_6015,2,21
img_5176,2,23
img_3608,1,15
img_7303,1,11
img_1247,1,13
img_4336,2,22
img_2600,2,22
img_1892,1,12
img_4247,1,13
img_3242,1,14
img_7169,2,23
img_6375,1,15
img_6309,2,24
img_3408,1,12
img_3988,2,21
img_4988,2,25
img_3439,2,25
img_2950,1,15
img_5750,1,13
img_0235,2,23
img_0339,1,15
img_2969,1,14
img_4671,1,14
img_6737,2,22
img_5630,1,13
img_2163,2,24
img_6888,1,12
img_3868,2,24
img_6454,1,14
img_2416,1,13
img_1764,2,23
img_6991,1,15
img_4652,2,22
img_4143,1,13
img_6917,2,25
img_4859,2,25
img_4977,1,12
img_4088,2,21
img_0513,2,23
img_6879,2,25
img_3816,2,24
img_3560,1,11
img_1870,2,24
img_1585,1,14
img_1388,1,14
img_1754,2,25
img_3427,1,12
img_7189,1,15
img_5165,1,12
img_5150,2,22
img_2063,2,24
img_2243,2,23
img_2282,2,25
img_2922,1,13
img_3974,2,23
img_5584,2,25
img_5422,1,14
img_3417,1,13
img_4585,2,25
img_1547,2,22
img_7253,1,11
img_4833,1,13
img_5394,2,23
img_4608,2,24
img_5300,1,12
img_4099,1,11
img_0838,1,15
img_6489,2,24
img_4933,1,14
img_5883,1,11
img_3118,2,23
img_4758,1,15
img_1273,1,11
img_2387,2,22
img_5570,1,13
img_7153,2,23
img_2816,2,21
img_3961,1,15
img_3032,2,21
img_4221,1,13
img_4249,1,14
img_4864,1,14
img_7193,1,13
img_5034,1,14
img_2259,1,11
img_5929,2,23
img_0101,2,23
img_1989,1,11
img_4637,1,13
img_4175,1,15
img_2920,2,22
img_0773,1,15
img_6368,1,14
img_0886,2,25
img_2109,1,13
img_1067,2,22
img_5459,1,15
img_5151,2,25
img_3530,2,24
img_3220,1,12
img_2730,2,25
img_2121,2,24
img_0550,1,11
img_7187,1,14
img_1543,1,12
img_2239,2,24
img_5282,2,23
img_6160,2,25
img_7238,1,14
img_2165,1,11
img_0320,2,24
img_5578,1,15
img_5675,2,22
img_0256,1,14
img_3391,2,24
img_5123,1,12
img_7314,2,21
img_0951,2,24
img_2917,1,12
img_7151,2,23
img_2671,1,15
img_3579,1,14
img_2955,2,23
img_3844,2,21
img_3137,2,21
img_0428,1,13
img_3837,1,14
img_2739,2,21
img_3005,2,23
img_5344,2,23
img_1826,2,22
img_2796,1,15
img_3985,2,22
img_5846,1,15
img_5787,2,23
img_3477,2,21
img_4124,2,21
img_0587,1,14
img_4011,1,13
img_4171,1,12
img_3717,1,11
img_3482,2,22
img_6801,1,15
img_2640,2,22
img_1395,1,11
img_0123,2,24
img_5525,1,11
img_3398,2,22
img_2504,1,12
img_5536,2,21
img_7291,1,12
img_9699,2,23
img_2521,1,12
img_4552,1,15
img_6289,2,24
img_7283,2,23
img_2688,1,12
img_6828,2,25
img_6795,1,12
img_1956,2,24
img_1597,2,21
img_4602,2,23
img_1419,1,15
img_1234,2,21
img_4626,1,11
img_5716,1,13
img_2085,1,14
img_3241,1,11
img_0702,1,12
img_0810,2,21
img_5903,1,15
img_1611,2,23
img_6367,1,13
img_6764,1,14
img_7043,2,23
img_0197,2,21
img_1321,1,13
img_3531,1,11
img_1468,2,23
img_3537,2,25
img_0422,1,12
img_4727,1,15
img_0432,1,12
img_2093,1,15
img_0578,2,22
img_2433,1,11
img_3331,2,21
img_6248,2,23
img_7100,1,12
img_0952,1,14
img_4400,2,23
img_3321,2,24
img_0933,1,14
img_5673,2,22
img_3678,2,21
img_0722,2,21
img_6830,1,14
img_4888,2,25
img_3292,2,22
img_1915,2,24
img_6740,2,22
img_5351,1,12
img_6085,2,25
img_4691,2,22
img_0079,1,14
img_0131,2,25
img_1326,1,12
img_3914,2,22
img_4280,2,25
img_3782,1,13
img_1504,2,23
img_1302,1,15
img_2968,2,24
img_1027,1,12
img_6009,2,21
img_3700,1,11
img_7067,2,24
img_4734,2,24
img_4010,1,14
img_3390,2,21
img_1279,2,24
img_3521,1,11
img_2065,2,23
img_7155,2,23
img_4269,2,21
img_2474,1,11
img_3140,2,23
img_6736,2,24
img_6787,2,21
img_4674,1,13
img_5078,1,12
img_0014,2,23
img_2518,2,24
img_5234,1,15
img_3504,2,25
img_1648,1,13
img_1979,1,14
img_7069,1,12
img_0873,2,23
img_3061,1,13
img_4546,2,23
img_7255,1,12
img_0974,2,25
img_7140,1,14
img_4390,1,15
img_6138,1,12
img_6246,2,22
img_0382,1,14
img_1645,2,24
img_3740,2,24
img_6170,2,22
img_3622,2,22
img_1342,2,22
img_0511,2,24
img_2677,2,22
img_6099,2,21
img_2427,1,11
img_2203,2,24
img_0384,1,14
img_5374,1,15
img_0548,2,21
img_5175,1,11
img_1118,2,22
img_0109,2,22
img_5432,2,25
img_4760,2,25
img_0755,1,13
img_7211,2,22
img_2855,1,12
img_4447,1,15
img_4677,1,14
img_6424,2,22
img_0609,1,11
img_1765,1,13
img_0188,1,13
img_0691,1,11
img_5596,2,23
img_0823,2,25
img_3080,1,12
img_5198,1,15
img_2016,2,24
img_3564,1,11
img_5539,1,14
img_2611,2,24
img_0960,2,25
img_3549,2,25
img_3729,1,14
img_0401,1,15
img_3529,2,24
img_5383,2,24
img_3968,1,13
img_6107,2,22
img_5231,1,13
img_6815,2,23
img_3421,1,12
img_1232,2,24
img_4021,2,25
img_1120,1,11
img_0495,1,14
img_5322,2,22
img_0636,2,23
img_2542,1,12
img_0468,1,13
img_2371,1,15
img_0443,2,21
img_1532,1,15
img_0894,2,24
img_2973,2,24
img_7344,1,11
img_4528,2,24
img_1074,1,11
img_5990,2,23
img_4216,2,21
img_2134,1,13
img_7398,2,21
img_0386,2,21
img_0906,2,22
img_5278,1,15
img_0392,2,22
img_4420,1,13
img_1172,2,24
img_2454,2,22
img_1530,1,13
img_1774,1,15
img_5919,2,22
img_0140,1,13
img_3845,2,23
img_0296,1,14
img_6905,1,12
img_1461,1,11
img_5855,2,22
img_7328,2,24
img_3015,1,14
img_4364,1,12
img_2687,1,11
img_6219,1,11
img_3984,1,15
img_0544,2,22
img_2026,1,12
img_6347,2,25
img_2067,2,23
img_2043,1,13
img_6336,2,25
img_6742,2,23
img_0242,2,23
img_4591,2,23
img_0910,2,21
img_6127,2,21
img_4519,2,23
img_5871,2,24
img_1659,1,14
img_3042,1,13
img_6466,2,22
img_2290,1,11
img_1833,1,11
img_3060,2,24
img_5844,1,11
img_3063,1,13
img_2164,2,24
img_2866,1,14
img_4533,1,11
img_4068,1,12
img_7185,2,22
img_6357,1,15
img_6285,2,25
img_0934,1,13
img_6105,1,14
img_0064,1,12
img_3145,1,14
img_3275,1,11
img_2256,2,24
img_1055,1,13
img_3697,1,13
img_4855,1,15
img_2456,2,21
img_6796,2,23
img_4434,2,24
img_1023,1,12
img_3300,1,15
img_5712,1,15
img_0503,2,23
img_3948,2,25
img_5011,2,22
img_0205,1,14
img_0718,2,21
img_6955,1,14
img_4497,2,22
img_5347,2,23
img_6510,2,24
img_5836,1,15
img_2459,1,15
img_4043,1,14
img_0939,2,22
img_5160,1,13
img_4023,2,21
img_0592,1,12
img_4566,1,13
img_7340,2,24
img_6276,2,22
img_3131,2,22
img_4573,1,15
img_3211,1,14
img_5390,1,12
img_4285,2,23
img_4169,2,23
img_2667,1,12
img_5828,1,11
img_3956,2,25
img_0038,2,24
img_2437,1,14
img_0026,1,13
img_1926,2,21
img_7130,2,21
img_7074,1,13
img_3225,2,22
img_5450,1,15
img_4083,2,21
img_3154,2,23
img_2344,2,22
img_0897,1,13
img_5554,1,13
img_5314,1,12
img_0913,1,14
img_7191,1,13
img_5692,2,23
img_0865,1,14
img_1604,2,23
img_2249,2,21
img_3226,1,15
img_7237,2,25
img_4058,1,14
img_6169,1,12
img_3931,2,21
img_5446,2,24
img_4134,2,21
img_3947,1,13
img_2327,2,22
img_4970,2,23
img_3975,2,21
img_2006,1,12
img_0871,1,11
img_1529,1,13
img_2339,1,14
img_5730,2,21
img_3703,2,21
img_2130,2,21
img_6211,2,21
img_7360,2,22
img_6341,1,11
img_0591,1,13
img_5535,1,14
img_4231,2,24
img_3977,1,15
img_4022,1,15
img_4194,2,25
img_2580,1,12
img_6135,2,22
img_1371,2,21
img_7221,1,12
img_3091,1,11
img_1783,2,24
img_2070,2,21
img_5084,1,14
img_4379,1,15
img_5204,1,11
img_6310,1,12
img_7081,2,23
img_4483,1,14
img_6434,2,25
img_4046,2,23
img_7077,2,22
img_6583,2,25
img_5942,1,11
img_2729,1,15
img_1662,1,12
img_6734,2,21
img_7039,2,21
img_5877,1,12
img_6560,2,21
img_2117,2,21
img_5220,1,14
img_4284,2,22
img_0444,2,25
img_7138,2,23
img_4746,2,22
img_1872,2,23
img_6100,1,11
img_2419,2,25
img_3285,2,21
img_5764,2,22
img_1230,2,24
img_3389,1,13
img_6023,2,21
img_0394,2,22
img_6242,1,15
img_5406,1,11
img_6902,1,13
img_2208,1,15
img_1983,1,12
img_0561,1,13
img_2871,1,12
img_3887,2,23
img_1185,2,21
img_3555,2,23
img_3880,2,22
img_1617,2,25
img_5069,1,11
img_0816,1,11
img_1853,2,23
img_7375,2,23
img_2412,1,12
img_0243,1,15
img_1081,1,14
img_3815,1,12
img_6452,2,22
img_2272,1,13
img_3730,2,24
img_4555,1,13
img_5281,2,24
img_6637,1,13
img_4963,1,14
img_2438,1,15
img_6180,1,14
img_1374,2,24
img_3801,2,24
img_1362,1,11
img_1290,2,21
img_3467,2,24
img_5409,1,13
img_1470,2,24
img_2834,1,13
img_5443,2,23
img_5295,2,23
img_1511,2,24
img_1734,1,11
img_1615,1,12
img_6479,1,13
img_4427,1,12
img_7246,1,14
img_1380,2,24
img_3043,2,21
img_7025,2,24
img_6459,2,23
img_2220,1,12
img_2581,1,12
img_4911,2,25
img_6492,2,24
img_5682,2,22
img_1119,1,11
img_6544,1,14
img_5435,2,22
img_5298,1,12
img_7082,2,21
img_3929,1,12
img_6899,1,11
img_1692,1,13
img_0811,1,14
img_5738,2,23
img_5439,1,11
img_1822,2,22
img_5547,1,11
img_2800,1,12
img_4564,1,11
img_4082,2,23
img_6984,1,15
img_1083,1,14
img_0052,1,11
img_0853,1,12
img_5454,2,21
img_1309,1,12
img_2037,1,15
img_1904,2,21
img_5834,1,15
img_2872,1,14
img_4051,2,24
img_2696,1,15
img_5757,1,15
img_7225,2,23
img_6441,2,23
img_0517,1,12
img_6708,1,11
img_0236,1,15
img_5590,1,12
img_3356,1,14
img_1666,2,24
img_7144,2,21
img_4639,2,24
img_3369,1,14
img_3748,1,15
img_1370,1,13
img_5171,2,22
img_6738,2,22
img_0125,2,25
img_6456,1,15
img_5104,1,11
img_0739,1,11
img_4511,2,21
img_3070,2,23
img_6123,2,25
img_6833,1,15
img_3387,1,12
img_0855,1,13
img_0533,1,13
img_3273,1,14
img_2550,2,21
img_2798,1,13
img_1820,2,24
img_1875,1,14
img_5960,2,24
img_0471,1,11
img_7336,2,21
img_3139,1,14
img_2001,2,21
img_5777,2,21
img_3459,1,12
img_0212,2,24
img_0569,1,12
img_4250,1,14
img_5433,2,22
img_0676,2,25
img_6339,1,14
img_2080,2,21
img_0978,1,11
img_0012,2,22
img_4702,1,15
img_1258,1,13
img_3485,1,11
img_0045,2,22
img_2245,1,12
img_3190,1,12
img_2460,1,12
img_4445,2,21
img_0370,1,11
img_5700,1,11
img_5713,1,15
img_3912,2,24
img_6128,2,24
img_1108,2,22
img_5935,2,23
img_6592,2,22
img_6921,1,15
img_4788,1,11
img_5136,2,23
img_6064,2,23
img_1291,1,11
img_2901,2,22
img_4749,2,22
img_3933,1,11
img_6253,2,23
img_0039,2,22
img_6197,1,14
img_1675,2,21
img_2847,2,22
img_2148,2,24
img_0066,2,23
img_6069,2,21
img_0707,2,24
img_0172,2,21
img_1482,1,12
img_1133,1,13
img_5933,2,24
img_3270,2,21
img_6530,2,23
img_1526,1,12
img_0497,1,14
img_2232,1,11
img_3445,1,11
img_3713,1,12
img_1871,2,24
img_3942,2,22
img_5491,2,24
img_7294,1,13
img_6227,1,15
img_0928,2,25
img_1714,2,25
img_7001,2,24
img_2116,1,15
img_0341,2,25
img_3924,2,25
img_3388,2,21
img_5179,1,11
img_4619,1,14
img_0177,1,15
img_1839,2,24
img_4894,2,22
img_3639,1,12
img_7216,2,22
img_5341,2,21
img_1229,1,15
img_6950,1,12
img_4154,1,15
img_5734,2,21
img_3599,2,23
img_2648,2,25
img_6520,2,22
img_6150,1,12
img_2099,1,14
img_6646,1,12
img_1339,2,22
img_3692,2,21
img_2976,1,12
img_5914,1,12
img_2138,2,25
img_5325,2,23
img_3142,1,13
img_0909,1,13
img_3016,1,15
img_6802,1,13
img_2575,1,14
img_0054,2,22
img_2153,1,12
img_4832,1,11
img_3357,1,12
img_7281,2,21
img_2691,1,14
img_2312,2,21
img_1324,2,21
img_2829,2,24
img_1479,1,12
img_0067,2,21
img_6946,2,23
img_4899,2,23
img_0686,1,15
img_6906,2,23
img_0156,1,12
img_4622,2,23
img_4669,1,12
img_4016,2,23
img_5516,1,15
img_5157,1,14
img_1391,1,13
img_0078,2,21
img_2740,1,14
img_1718,2,25
img_6806,1,13
img_1684,1,12
img_5291,2,23
img_1002,1,12
img_3069,1,12
img_5619,2,24
img_7220,1,14
img_0007,2,25
img_5651,1,11
img_7380,1,12
img_4979,2,24
img_0891,2,21
img_7053,2,24
img_0729,2,24
img_5128,1,14
img_5566,1,11
img_6604,1,15
img_6018,2,22
img_6535,2,22
img_4293,1,11
img_4693,1,14
img_5115,1,14
img_7023,2,24
img_3057,1,13
img_4270,2,21
img_2726,2,24
img_3215,2,23
img_5945,2,25
img_1385,2,23
img_1520,1,15
img_1524,1,11
img_0668,2,23
img_0915,1,14
img_4201,2,22
img_3900,2,22
img_5720,1,14
img_0289,1,14
img_6488,2,21
img_2867,1,15
img_0635,2,25
img_5770,2,22
img_5680,1,11
img_2833,2,25
img_4954,1,15
img_6083,2,24
img_6656,2,24
img_6111,1,11
img_6332,2,25
img_6901,1,12
img_0434,1,15
img_0352,2,22
img_6498,1,12
img_5192,1,14
img_6131,2,23
img_1196,2,22
img_6059,1,13
img_4409,1,14
img_1905,2,25
img_3346,2,21
img_0783,2,23
img_3538,1,14
img_4989,1,14
img_5676,1,12
img_6007,1,11
img_1732,2,21
img_5002,1,12
img_4130,2,24
img_1228,1,12
img_6709,1,15
img_1017,1,15
img_6473,2,22
img_1737,2,21
img_4629,2,25
img_5065,2,21
img_1424,1,14
img_1476,2,24
img_3842,1,11
img_0453,2,22
img_4487,2,25
img_4964,2,23
img_2915,1,14
img_3888,2,21
img_6518,2,23
img_5769,1,15
img_0803,2,25
img_7033,1,14
img_0987,1,14
img_1720,2,24
img_2277,2,21
img_4301,1,14
img_5490,1,11
img_2352,1,12
img_6910,2,21
img_0431,2,25
img_1796,2,21
img_1102,1,12
img_0708,2,21
img_4412,2,23
img_7086,2,22
img_7320,1,11
img_5597,2,25
img_7114,2,21
img_4471,2,21
img_2719,2,25
img_3199,2,22
img_3827,2,24
img_2678,1,14
img_2824,2,21
img_6951,2,22
img_5581,2,24
img_5126,2,23
img_5201,2,25
img_2753,1,14
img_0347,1,14
img_0669,2,23
img_2737,2,25
img_7192,2,21
img_5403,2,22
img_6582,2,23
img_0759,2,25
img_6972,1,12
img_5602,2,23
img_4300,2,22
img_6667,1,15
img_3066,2,22
img_0673,2,23
img_4062,1,11
img_3541,2,22
img_0726,1,13
img_2040,1,14
img_1809,1,14
img_6590,1,14
img_1392,1,15
img_6335,2,23
img_1049,2,21
img_2212,2,21
img_6882,2,22
img_2320,2,25
img_3049,1,11
img_2477,2,24
img_2280,2,24
img_4690,1,15
img_4029,2,22
img_5767,1,11
img_3380,1,14
img_4834,1,15
img_0554,2,21
img_2632,2,24
img_3822,1,11
img_2932,2,25
img_0304,1,11
img_4706,2,21
img_2279,2,25
img_0756,2,24
img_1107,2,23
img_0420,2,24
img_2724,2,21
img_1082,2,25
img_5452,2,23
img_6008,1,15
img_3884,2,22
img_6858,1,14
img_6508,1,14
img_5107,1,15
img_7367,2,25
img_5981,2,22
img_5109,2,25
img_2637,1,11
img_2751,1,12
img_3735,1,13
img_6415,1,12
img_4858,2,25
img_3325,2,22
img_1810,2,23
img_7308,1,13
img_1953,2,22
img_3825,1,11
img_5799,2,25
img_2108,2,22
img_3923,2,23
img_4582,2,21
img_4597,2,22
img_5181,2,21
img_7015,1,15
img_2302,2,24
img_6230,2,25
img_1269,1,14
img_2406,1,15
img_2385,1,11
img_5035,2,21
img_6314,1,12
img_1488,2,25
img_0560,1,14
img_3790,1,11
img_1111,2,23
img_2958,1,11
img_4277,2,22
img_7393,1,13
img_4783,2,25
img_0053,1,12
img_3306,2,25
img_4415,2,23
img_3336,1,12
img_6467,2,21
img_4417,2,22
img_4729,2,22
img_6504,1,11
img_6688,2,21
img_5908,2,25
img_5872,2,25
img_5732,2,21
img_6803,1,13
img_0226,2,24
img_0163,2,24
img_5139,1,15
img_4514,1,11
img_0713,2,24
img_2144,1,12
img_1164,2,24
img_0011,1,12
img_5631,2,22
img_5544,2,22
img_5007,2,21
img_2649,1,13
img_5125,2,22
img_6628,2,21
img_2959,2,21
img_0128,1,15
img_4488,2,24
img_4604,2,22
img_4342,1,14
img_5371,1,12
img_6541,2,25
img_5012,1,12
img_0733,2,24
img_5997,1,13
img_2994,2,24
img_2656,1,12
img_4429,2,25
img_4403,1,14
img_0630,1,12
img_3021,2,22
img_2258,1,13
img_6527,1,11
img_5768,1,12
img_1883,1,14
img_4441,1,11
img_1498,1,15
img_6288,1,12
img_5215,1,13
img_7156,1,13
img_4291,1,12
img_4883,1,13
img_0777,2,23
img_2784,2,25
img_2635,2,25
img_3319,2,25
img_0239,1,12
img_6173,1,12
img_5964,2,23
img_5457,1,13
img_3206,2,24
img_0110,2,21
img_2449,2,21
img_0809,1,13
img_0407,1,14
img_2894,1,15
img_2720,2,22
img_7312,2,24
img_6269,1,15
img_3785,1,14
img_2180,2,21
img_3399,1,13
img_0695,1,12
img_1329,2,21
img_1928,2,24
img_0566,1,13
img_4276,1,15
img_2655,2,22
img_2423,1,13
img_6790,2,21
img_1363,1,11
img_6573,1,13
img_6522,1,12
img_4853,1,12
img_5524,2,25
img_3243,1,15
img_1808,2,21
img_3123,1,13
img_4226,1,15
img_2202,2,22
img_6315,1,12
img_1495,2,21
img_2525,2,24
img_6554,2,22
img_4000,2,25
img_4805,1,14
img_5695,2,22
img_1146,1,15
img_5765,2,25
img_0040,2,23
img_6577,2,23
img_5613,1,12
img_3546,1,13
img_2706,1,15
img_0449,1,11
img_5378,1,12
img_7397,1,14
img_6703,1,13
img_6129,2,21
img_3250,2,25
img_3810,1,12
img_4994,1,15
img_6752,2,23
img_0844,2,23
img_5494,2,25
img_5445,1,15
img_5575,2,23
img_4360,2,23
img_1382,1,13
img_0506,1,12
img_7368,2,21
img_0324,2,25
img_4167,2,23
img_3682,1,12
img_4539,1,13
img_1825,1,14
img_1178,1,14
img_5755,1,14
img_1623,2,25
img_3314,2,22
img_5955,1,14
img_3617,1,11
img_5312,2,24
img_6351,1,15
img_0241,1,14
img_6886,1,12
img_3846,2,23
img_1954,1,11
img_3918,1,11
img_5038,1,11
img_3738,2,25
img_6745,2,24
img_3576,2,25
img_1509,1,12
img_3337,1,11
img_4189,2,21
img_6277,2,25
img_1448,1,11
img_5048,1,12
img_4436,2,25
img_0731,2,23
img_5598,2,23
img_0524,1,14
img_1474,1,14
img_0139,1,15
img_3233,2,22
img_4432,1,15
img_3372,1,15
img_2052,2,24
img_2841,2,21
img_7258,2,25
img_4992,2,23
img_1789,1,11
img_2435,1,15
img_1288,2,23
img_3724,1,14
img_7300,1,12
img_2668,1,12
img_3412,2,25
img_3960,1,12
img_1364,1,14
img_6389,2,21
img_2803,2,23
img_3476,1,15
img_5173,1,11
img_5610,2,25
img_0321,1,13
img_5284,1,15
img_1558,2,21
img_6193,2,24
img_1014,2,23
img_4567,1,12
img_5831,1,12
img_3341,2,23
img_2367,2,24
img_7271,2,22
img_6903,1,14
img_4384,1,15
img_7094,2,21
img_5026,2,22
img_5839,1,14
img_7161,2,23
img_0790,1,15
img_7273,1,14
img_1999,2,22
img_6648,2,22
img_7112,1,11
img_4331,1,15
img_0608,2,23
img_1550,2,23
img_0923,1,14
img_5223,1,13
img_2251,2,25
img_2592,1,13
img_1993,2,23
img_5274,2,21
img_0846,1,15
img_0781,2,21
img_2907,1,11
img_6589,1,14
img_2783,1,13
img_0688,2,21
img_1515,1,15
img_2698,1,13
img_6723,1,13
img_4772,1,15
img_2914,1,13
img_2034,2,22
img_7324,1,11
img_1462,1,11
img_7392,2,22
img_5696,1,12
img_6262,2,23
img_0165,2,21
img_0715,1,12
img_3501,2,25
img_1336,1,12
img_2400,1,11
img_6171,2,23
img_7364,2,23
img_2736,1,14
img_2510,2,22
img_5748,1,14
img_5239,1,15
img_2402,2,24
img_1614,2,22
img_6767,1,13
img_0930,2,22
img_3897,2,21
img_1784,1,14
img_4701,1,11
img_4186,2,24
img_4905,1,12
img_6956,1,14
img_7125,2,25
img_1591,1,13
img_4141,2,21
img_2619,2,23
img_6532,1,14
img_6435,1,11
img_7399,2,24
img_4764,2,24
img_2363,2,22
img_1341,2,21
img_1411,2,23
img_1806,1,15
img_2991,2,24
img_0227,1,13
img_2285,1,11
img_1469,1,13
img_5468,2,24
img_0251,1,15
img_6202,2,24
img_5451,2,23
img_5943,2,24
img_3990,2,21
img_0081,2,25
img_0037,1,14
img_7245,2,22
img_3754,2,22
img_6989,1,12
img_0986,1,12
img_3366,1,15
img_1064,2,22
img_0656,2,24
img_7167,2,21
img_5962,2,22
img_5580,2,25
img_5289,2,23
img_2638,1,12
img_5362,2,21
img_1549,2,22
img_2904,2,23
img_0272,1,12
img_1751,1,13
img_0337,2,23
img_6167,1,11
img_5698,2,25
img_4117,1,14
img_7078,2,23
img_6608,1,12
img_6462,2,21
img_5214,1,12
img_3633,1,12
img_2051,2,24
img_1745,1,15
img_0769,2,23
img_0882,1,13
img_4100,2,23
img_1109,1,13
img_1115,2,25
img_0828,2,22
img_1268,2,23
img_4069,2,21
img_3305,1,13
img_4638,2,24
img_6450,1,12
img_1153,1,14
img_2500,2,25
img_4333,1,12
img_5973,2,24
img_6437,1,14
img_6715,2,21
img_2941,2,25
img_4623,1,11
img_4507,1,15
img_0539,1,12
img_2715,1,14
img_6124,1,14
img_3893,2,22
img_1804,2,21
img_4461,2,23
img_1306,1,13
img_4540,2,21
img_6418,1,14
img_6864,2,21
img_0800,2,22
img_4237,1,15
img_5685,2,23
img_1293,2,25
img_1126,1,12
img_0617,1,14
img_0237,2,22
img_1557,1,15
img_0979,1,15
img_5340,2,25
img_2462,2,24
img_1798,1,11
img_4524,2,22
img_6540,2,25
img_1860,2,25
img_3688,2,21
img_0357,2,25
img_2073,2,23
img_6712,2,24
img_2321,2,22
img_4903,1,13
img_0160,2,25
img_5288,2,22
img_0164,2,21
img_3333,1,12
img_4697,1,14
img_3634,2,23
img_0082,1,13
img_2661,1,15
img_0757,1,11
img_4991,1,13
img_6001,2,25
img_2530,2,21
img_1059,2,25
img_5092,1,13
img_1095,2,24
img_0848,1,11
img_5376,1,11
img_7093,2,23
img_6028,1,14
img_5954,2,22
img_6036,1,11
img_2985,2,21
img_6377,2,24
img_4042,1,13
img_6642,2,23
img_3638,2,21
img_2876,2,21
img_1708,1,14
img_5710,2,23
img_4084,2,24
img_3493,2,22
img_0703,2,23
img_2669,1,14
img_5555,2,25
img_1563,2,21
img_1975,1,12
img_0975,2,21
img_0088,1,12
img_2072,2,23
img_7190,1,15
img_1828,2,24
img_0461,1,13
img_5726,1,14
img_4721,1,11
img_2881,2,22
img_5052,1,12
img_7049,1,12
img_0639,2,24
img_5309,1,15
img_4745,2,22
img_1225,2,24
img_3227,2,22
img_2939,2,23
img_0925,1,13
img_0383,1,15
img_0572,1,11
img_4836,1,15
img_3481,2,21
img_0958,2,24
img_6103,2,22
img_1942,2,22
img_1440,1,13
img_4279,2,23
img_6402,2,25
img_2933,1,11
img_4273,1,12
img_1139,2,22
img_6609,2,24
img_4233,1,15
img_7148,2,25
img_2299,2,24
img_0368,2,24
img_2394,1,12
img_2410,1,11
img_3318,2,24
img_1544,2,23
img_7337,2,23
img_2541,2,22
img_1758,1,14
img_5479,2,22
img_0303,2,21
img_5073,1,15
img_6141,2,22
img_4790,2,24
img_0646,1,12
img_5227,2,25
img_2893,1,12
img_0670,2,25
img_3202,2,23
img_5380,1,14
img_5718,2,21
img_5634,2,24
img_7234,1,13
img_1682,1,15
img_4159,1,12
img_7038,2,23
img_0881,2,24
img_2192,1,13
img_5678,2,22
img_7034,2,24
img_6643,1,15
img_3663,2,21
img_3468,1,13
img_6436,2,24
img_0771,1,12
img_2267,1,11
img_2234,1,14
img_0349,2,22
img_1616,1,14
img_0155,2,23
img_3441,1,15
img_1213,2,23
img_6505,1,11
img_3689,2,25
img_5709,1,14
img_7103,2,22
img_6919,1,11
img_2878,2,24
img_5841,1,11
img_5922,1,11
img_6890,2,21
img_0150,1,12
img_1072,1,13
img_7054,2,22
img_3164,1,15
img_5141,1,11
img_0903,2,24
img_0904,2,23
img_0450,2,21
img_6233,1,15
img_0138,2,21
img_3966,2,25
img_4630,1,12
img_0542,2,23
img_7366,1,12
img_4197,1,12
img_2569,2,23
img_4047,1,15
img_1256,2,22
img_4009,2,25
img_2441,2,25
img_3690,2,23
img_2114,1,14
img_2439,2,23
img_0020,2,24
img_6849,1,15
img_5352,1,11
img_4072,2,24
img_5027,2,24
img_6612,1,12
img_0270,1,14
img_1835,2,25
img_3551,1,12
img_6682,2,24
img_6148,1,14
img_4392,2,25
img_4658,2,24
img_7386,1,13
img_5702,2,21
img_1756,1,12
img_4504,2,23
img_5840,2,21
img_3642,1,14
img_7329,2,23
img_4704,1,13
img_4976,2,21
img_3685,2,25
img_7046,1,14
img_1741,2,24
img_6649,2,21
img_6279,1,14
img_5168,2,21
img_1434,2,22
img_3804,1,13
img_5252,2,23
img_1242,1,15
img_4278,2,24
img_5381,1,14
img_2143,1,12
img_6633,2,24
img_3011,2,24
img_2965,2,21
img_3219,1,13
img_4212,1,15
img_0812,2,23
img_5116,2,22
img_2664,1,12
img_6618,1,12
img_5391,1,11
img_0200,1,14
img_6254,1,12
img_3691,2,21
img_0264,2,21
img_0346,1,15
img_0093,1,14
img_5086,2,21
img_0463,1,12
img_3655,1,13
img_5998,2,22
img_3192,1,15
img_4264,1,13
img_1864,2,22
img_7194,1,15
img_5586,1,15
img_6516,1,13
img_2264,2,23
img_4590,1,15
img_2727,1,15
img_6502,2,23
img_0230,2,22
img_4030,2,22
img_4380,1,11
img_5562,2,22
img_0004,2,21
img_4439,2,22
img_3456,2,22
img_5583,2,22
img_5952,2,25
img_6316,1,15
img_3905,1,12
img_6533,2,22
img_4166,2,25
img_5842,2,21
img_1733,2,21
img_0459,2,22
img_4161,2,23
img_5485,2,25
img_2088,2,25
img_5848,1,15
img_6794,1,13
img_1830,1,15
img_1356,1,15
img_5483,2,22
img_0862,1,14
img_4341,2,24
img_0116,2,25
img_1447,1,14
img_7265,1,11
img_1519,1,13
img_7131,1,11
img_4324,2,22
img_2215,1,14
img_3819,2,21
img_1576,2,21
img_3170,2,25
img_3266,1,12
img_6446,1,14
img_0481,2,21
img_6831,1,15
img_4635,2,21
img_4689,2,23
img_2843,2,21
img_6676,2,25
img_1582,1,12
img_3831,1,14
img_3650,2,21
img_4371,2,24
img_0514,2,21
img_3553,1,11
img_2167,2,24
img_4728,2,21
img_0329,1,11
img_2092,1,13
img_6581,2,23
img_2891,2,22
img_0181,2,21
img_3269,1,15
img_4554,2,23
img_2112,1,14
img_5022,1,11
img_1812,2,22
img_5868,2,24
img_0762,1,14
img_7157,1,12
img_4404,2,25
img_1581,1,15
img_6993,2,23
img_3643,2,22
img_4179,1,13
img_0750,1,13
img_1773,1,13
img_5800,1,14
img_4219,2,22
img_7108,1,12
img_3465,2,23
img_3874,2,24
img_2473,1,15
img_6275,1,12
img_3338,1,14
img_4993,1,12
img_3046,2,24
img_1244,2,22
img_2743,2,22
img_2561,1,11
img_0822,2,22
img_3348,2,25
img_5212,2,23
img_3742,1,12
img_5056,2,24
img_5392,1,13
img_6033,1,11
img_4656,1,12
img_0924,2,22
img_2012,2,23
img_4489,2,24
img_3094,1,13
img_1147,1,12
img_0098,2,23
img_4486,2,25
img_1189,1,15
img_6027,2,23
img_5102,1,13
img_0801,1,14
img_5667,2,22
img_0799,2,25
img_0369,2,21
img_7325,1,12
img_2684,2,21
img_0825,2,22
img_5620,2,25
img_5941,2,21
img_3030,2,24
img_2560,2,23
img_4452,2,25
img_1348,2,24
img_2708,1,14
img_5172,1,15
img_2455,2,22
img_5225,2,24
img_0207,2,23
img_3401,1,13
img_7239,2,25
img_3076,2,24
img_1771,2,24
img_5866,2,23
img_1815,1,13
img_5989,1,13
img_7385,2,23
img_4698,2,25
img_4205,2,23
img_6198,2,24
img_4747,1,15
img_6591,1,11
img_5936,2,25
img_2763,2,25
img_4207,2,25
img_3213,1,14
img_6385,1,12
img_5055,2,25
img_1191,1,14
img_0278,1,15
img_0297,2,22
img_2129,1,14
img_3789,1,13
img_0588,1,11
img_3442,2,22
img_4798,1,15
img_4699,2,22
img_0684,2,24
img_3850,2,24
img_7186,2,24
img_6066,2,23
img_5413,2,22
img_4667,1,11
img_4983,1,13
img_4655,2,23
img_6891,1,13
img_6996,2,22
img_0330,1,15
img_6506,2,22
img_7096,2,23
img_6060,1,12
img_6602,1,13
img_4359,1,11
img_2343,1,13
img_0705,1,15
img_4061,1,15
img_4908,1,14
img_2035,1,11
img_7214,1,15
img_1264,1,12
img_4170,1,12
img_1949,1,15
img_6097,2,22
img_3932,1,13
img_4229,2,23
img_4822,2,24
img_5624,1,15
img_0648,1,11
img_0541,1,12
img_2440,1,11
img_5054,2,22
img_0253,1,14
img_5853,1,14
img_3784,1,13
img_2045,1,14
img_5876,2,25
img_0148,1,12
img_2858,1,12
img_4610,2,21
img_0785,2,24
img_6834,2,22
img_1964,1,12
img_3523,1,13
img_5927,2,25
img_4776,1,14
img_1005,2,23
img_3583,2,21
img_0551,1,13
img_6525,2,21
img_0623,2,25
img_3591,2,21
img_6077,2,21
img_6739,1,11
img_6048,2,24
img_0031,1,14
img_5886,2,24
img_6673,2,22
img_0462,1,12
img_2868,1,13
img_3669,1,12
img_5272,1,11
img_5415,2,21
img_5869,2,24
img_4594,2,24
img_3606,1,11
img_5837,1,15
img_1746,2,24
img_5166,2,22
img_5593,1,13
img_2231,1,15
img_7358,1,11
img_7145,2,21
img_3696,2,23
img_3281,2,25
img_2368,1,12
img_0193,2,22
img_4929,1,12
img_6468,1,12
img_6823,2,25
img_1039,2,24
img_6378,1,12
img_0766,1,13
img_5797,2,25
img_5532,1,15
img_5323,2,22
img_3400,2,25
img_4675,1,13
img_1465,2,21
img_5759,2,23
img_2476,2,25
img_0528,2,21
img_1534,1,14
img_6877,2,25
img_5396,1,15
img_3659,1,14
img_2388,2,25
img_4478,2,25
img_5244,2,21
img_5549,2,21
img_3276,2,24
img_4426,2,23
img_3228,1,13
img_3176,1,15
img_3708,2,23
img_3737,2,21
img_6662,1,14
img_5143,1,12
img_1665,2,22
img_1106,1,15
img_5533,2,22
img_2873,2,25
img_2407,1,12
img_4416,1,15
img_2078,2,25
img_2025,2,24
img_1667,2,22
img_7222,1,12
img_2639,1,13
img_7083,1,14
img_3590,2,22
img_6472,1,14
img_7003,2,22
img_5074,1,13
img_3517,1,12
img_2350,2,21
img_2334,1,15
img_6483,2,23
img_2776,2,25
img_6812,2,25
img_1379,2,22
img_1404,1,11
img_4710,2,21
img_0122,1,14
img_2919,2,22
img_2953,2,25
img_3540,2,21
img_3410,1,11
img_0092,1,12
img_1091,1,12
img_0367,2,24
img_1298,1,11
img_3335,2,21
img_5328,1,14
img_2381,2,25
img_1069,1,14
img_3519,1,15
img_4370,1,15
img_2634,1,12
img_3126,1,14
img_6546,1,13
img_3349,1,12
img_1834,1,15
img_6868,2,22
img_6051,2,24
img_2699,2,22
img_3352,1,13
img_4053,2,22
img_2695,1,13
img_5693,2,24
img_4873,1,11
img_7203,1,12
img_0603,2,25
img_4829,2,22
img_5806,2,23
img_1277,2,23
img_5807,2,23
img_3368,2,22
img_6207,1,13
img_5966,2,21
img_1084,1,12
img_1799,1,15
img_2807,2,23
img_0023,1,11
img_7198,2,21
img_0546,2,23
img_1561,2,24
img_0675,1,13
img_4740,1,14
img_5646,2,25
img_1583,2,21
img_6622,1,15
img_6719,1,11
img_5375,1,15
img_2213,1,14
img_5028,2,24
img_5888,2,22
img_1314,2,22
img_2745,2,23
img_1788,1,12
img_4803,1,12
img_0071,1,14
img_0802,1,12
img_2923,2,24
img_0660,2,25
img_3489,1,11
img_2263,2,22
img_2225,2,22
img_7264,1,11
img_0436,2,23
img_6295,1,13
img_1868,1,12
img_5005,1,11
img_5926,2,25
img_6774,1,12
img_5664,2,25
img_5174,2,25
img_6405,2,21
img_6053,2,23
img_3102,2,22
img_5545,1,13
img_2837,2,21
img_3772,1,13
img_6920,1,13
img_5408,1,14
img_4517,1,13
img_3757,2,22
img_7162,2,24
img_1795,2,22
img_4520,2,22
img_5950,2,23
img_2315,2,23
img_1043,1,14
img_1439,1,15
img_0216,2,21
img_0842,1,11
img_7311,1,15
img_7381,1,12
img_2849,1,14
img_4214,1,14
img_4193,2,21
img_1844,2,24
img_6151,2,25
img_2599,2,25
img_1365,2,25
img_5401,2,21
img_3943,2,23
img_2662,2,23
img_2606,2,21
img_1360,1,14
img_4754,1,12
img_3552,2,25
img_1158,2,21
img_3882,1,12
img_2086,2,23
img_4196,1,15
img_1717,1,11
img_2503,1,11
img_6963,1,13
img_1272,2,23
img_7132,2,21
img_2694,2,25
img_5679,2,23
img_3294,1,13
img_6445,2,24
img_3524,2,21
img_4357,2,23
img_0657,1,14
img_1970,1,11
img_7172,2,24
img_7044,1,12
img_1436,1,12
img_7196,1,14
img_5629,1,15
img_4493,2,22
img_6486,1,13
img_4464,2,24
img_0314,2,23
img_6475,2,23
img_2268,1,12
img_2885,1,15
img_5940,2,24
img_1000,2,24
img_6880,1,11
img_2426,2,23
img_6273,1,13
img_5558,1,13
img_2076,2,21
img_4044,1,12
img_1612,2,24
img_1821,1,12
img_3734,2,25
img_3919,1,11
img_3566,1,14
img_3699,2,25
img_4001,2,21
img_5774,2,22
img_1250,1,14
img_6039,1,11
img_5923,1,15
img_1740,2,21
img_1406,1,12
img_2464,1,13
img_0417,1,12
img_2870,2,22
img_4019,2,24
img_3040,1,12
img_0299,1,12
img_3134,2,25
img_3496,2,23
img_0228,2,23
img_2566,2,24
img_0305,1,12
img_0076,1,15
img_1197,2,24
img_7109,1,11
img_6338,1,14
img_0820,1,13
img_3464,2,25
img_5083,2,24
img_0663,2,24
img_2621,1,11
img_0458,1,15
img_4762,1,12
img_1048,2,25
img_5495,1,12
img_0498,2,25
img_4433,1,14
img_0954,2,22
img_3353,2,23
img_1962,2,22
img_3899,2,22
img_2289,2,23
img_0363,1,13
img_1955,2,21
img_6574,1,15
img_4304,1,15
img_2296,2,24
img_4133,1,12
img_3279,1,15
img_0112,2,21
img_5779,2,24
img_3616,2,25
img_0085,2,22
img_6041,2,21
img_0397,1,13
img_2646,1,14
img_3291,2,22
img_0888,2,22
img_1884,2,24
img_5233,1,13
img_4835,2,24
img_2989,2,25
img_6204,2,25
img_0073,2,25
img_4395,1,12
img_4199,1,13
img_0005,2,22
img_3450,1,14
img_4709,2,22
img_3311,2,22
img_7098,2,25
img_6406,1,11
img_3830,2,25
img_0133,1,12
img_1136,2,24
img_5894,2,24
img_4968,2,25
img_7394,1,15
img_7089,2,21
img_0824,2,24
img_3130,1,12
img_2346,1,14
img_6187,2,23
img_7122,1,11
img_3175,2,21
img_6348,2,24
img_0323,1,11
img_0893,2,23
img_6567,2,24
img_7066,2,23
img_4607,1,13
img_2257,1,11
img_0024,1,11
img_0921,1,13
img_2041,2,22
img_1978,1,14
img_0258,2,21
img_0030,2,21
img_7354,1,11
img_5880,2,22
img_1261,2,21
img_2897,1,11
img_7301,2,22
img_2744,1,13
img_4681,2,21
img_3536,1,13
img_2211,2,25
img_7321,1,12
img_0992,1,13
img_6337,2,24
img_3936,1,11
img_4259,1,14
img_4200,1,12
img_1422,1,13
img_5607,2,23
img_1031,2,25
img_6464,2,21
img_1018,2,23
img_6349,2,23
img_5276,1,15
img_6240,2,25
img_0508,1,15
img_0674,2,22
img_0377,1,14
img_4984,1,15
img_6733,1,14
img_3244,1,12
img_5758,2,23
img_4448,2,22
img_5209,2,24
img_1897,1,11
img_2115,1,11
img_2341,2,22
img_2401,2,21
img_0631,1,15
img_3395,1,14
img_1768,1,12
img_6410,1,11
img_2498,1,14
img_7201,2,24
img_4813,1,12
img_3207,2,25
img_6765,2,24
img_6655,2,25
img_2936,1,12
img_4252,1,12
img_5050,1,12
img_5788,1,14
img_4365,2,23
img_5987,2,22
img_4592,1,11
img_6769,2,23
img_4506,1,13
img_5194,2,24
img_6534,1,15
img_1744,2,21
img_1099,1,13
img_6595,2,24
img_4998,2,21
img_4079,2,24
img_6144,2,24
img_7377,1,15
img_2572,1,13
img_6047,2,21
img_1668,2,24
img_1849,2,25
img_6214,2,21
img_6056,1,15
img_7178,1,11
img_1531,2,24
img_5520,1,14
img_4830,2,23
img_1541,1,12
img_3446,2,23
img_2605,2,22
img_0890,1,12
img_0520,1,13
img_5489,2,21
img_0836,2,23
img_0720,1,14
img_3455,1,14
img_7307,2,25
img_4033,1,11
img_1997,1,12
img_0494,1,13
img_3435,2,25
img_4780,1,14
img_5285,1,15
img_4177,2,23
img_3672,2,21
img_5121,1,15
img_1838,2,23
img_5791,2,24
img_1183,1,12
img_5994,1,13
img_5155,1,14
img_4794,1,14
img_0028,1,14
img_3609,1,15
img_7177,2,24
img_0475,2,24
img_0973,1,15
img_5803,2,24
img_0845,2,25
img_0782,2,21
img_3674,2,25
img_5183,2,25
img_7084,1,14
img_1162,1,13
img_6707,1,11
img_1168,2,25
img_3045,2,22
img_2553,2,24
img_6084,1,13
img_5625,1,15
img_0615,1,15
img_3444,2,23
img_3039,2,24
img_3598,2,25
img_4503,1,13
img_0605,2,22
img_1908,2,21
img_1176,1,12
img_4526,2,22
img_5784,1,13
img_0046,1,12
img_4459,2,23
img_4500,2,23
img_7159,1,15
img_6388,2,21
img_1390,1,12
img_1484,2,21
img_4334,1,14
img_1760,2,22
img_0049,2,23
img_4924,1,15
img_2179,1,15
img_1455,1,13
img_6779,2,21
img_3788,1,14
img_2583,1,13
img_4536,2,23
img_1173,1,11
img_3194,1,14
img_4543,1,13
img_1643,2,22
img_7048,1,15
img_6306,2,21
img_5493,1,11
img_2471,2,25
img_4006,2,24
img_7267,2,25
img_4234,1,13
img_6002,2,23
img_4318,2,24
img_5361,1,12
img_0616,2,25
img_3153,2,23
img_2818,1,11
img_7241,1,13
img_4871,1,14
img_6687,1,12
img_0577,1,13
img_1780,2,22
img_2324,1,11
img_3605,1,13
img_6130,1,15
img_5135,2,22
img_0032,2,21
img_4465,2,21
img_4275,1,11
img_0175,2,22
img_4628,2,21
img_4087,2,23
img_1933,1,15
img_3371,2,24
img_7026,2,21
img_4157,2,25
img_3018,2,21
img_5071,2,24
img_5382,2,21
img_5193,2,23
img_4059,2,21
img_2297,1,15
img_0858,1,14
img_4138,2,25
img_2896,1,15
img_0336,1,12
img_2310,1,12
img_4756,2,22
img_1265,2,25
img_2242,1,11
img_0091,1,14
img_5689,2,23
img_1387,1,15
img_0854,2,23
img_4302,1,15
img_0203,1,14
img_1551,1,14
img_7004,1,15
img_7235,2,25
img_2512,2,25
img_1292,2,23
img_5025,2,23
img_7127,1,14
img_1546,2,24
img_6680,1,13
img_4458,2,23
img_5164,1,12
img_1869,1,15
img_1442,2,21
img_3188,2,24
img_7315,1,14
img_5753,1,11
img_2168,2,21
img_6110,1,13
img_6900,2,22
img_1367,2,23
img_2869,2,21
img_4955,2,21
img_6232,1,15
img_3297,1,14
img_7272,2,25
img_6340,1,14
img_2949,2,25
img_1141,2,23
img_1316,1,15
img_3856,2,21
img_0612,1,12
img_6974,1,11
img_0391,1,13
img_4857,2,23
img_5169,2,23
img_1319,1,15
img_3648,1,11
img_5697,2,25
img_6885,2,21
img_4479,2,23
img_0993,1,15
img_4869,1,12
img_6521,1,15
img_1610,1,13
img_7199,2,22
img_6958,1,15
img_5636,2,21
img_0813,2,24
img_2265,1,15
img_5320,2,23
img_4559,2,25
img_4477,1,11
img_2505,1,11
img_1051,1,13
img_3136,2,21
img_4321,2,25
img_5476,1,15
img_3041,1,13
img_3589,2,24
img_0795,1,12
img_3055,2,23
img_1713,2,23
img_1308,1,13
img_3135,2,22
img_6152,2,25
img_4353,1,12
img_6866,1,15
img_4098,2,24
img_6792,1,11
img_1677,2,25
img_1762,1,14
img_6168,2,23
img_3249,1,12
img_1161,2,24
img_1353,2,24
img_4825,1,11
img_4306,2,22
img_5348,2,25
img_0815,2,21
img_6850,2,23
img_3539,2,24
img_0491,2,21
img_2565,1,15
img_5464,2,24
img_3099,1,14
img_0199,1,12
img_7079,1,12
img_5736,1,13
img_6117,1,13
img_0637,2,21
img_4444,1,14
img_0411,2,22
img_6296,2,21
img_0284,2,24
img_4348,1,15
img_3222,2,23
img_0866,1,13
img_5053,1,11
img_3204,2,21
img_4971,2,25
img_1596,1,13
img_6044,1,12
img_5093,2,23
img_1877,2,21
img_4239,2,23
img_0655,1,12
img_2556,1,13
img_4763,1,11
img_1945,2,25
img_6651,1,14
img_7251,2,25
img_0474,2,24
img_6272,2,21
img_7217,1,14
img_6215,2,25
img_7065,1,15
img_3407,2,24
img_0111,2,21
img_2543,2,22
img_6941,1,14
img_2499,2,24
img_5825,1,13
img_2422,1,13
img_2295,1,14
img_4258,2,23
img_6013,2,24
img_5488,1,12
img_5859,1,14
img_6139,2,23
img_1702,1,11
img_5106,1,15
img_3711,1,11
img_4116,1,14
img_0248,2,24
img_5424,2,23
img_3543,2,21
img_1635,1,13
img_4265,1,13
img_3165,1,14
img_2053,1,14
img_4151,1,15
img_1459,1,11
img_1148,2,24
img_4248,2,21
img_0345,2,25
img_4499,1,14
img_2128,1,14
img_2509,2,21
img_3328,1,15
img_4260,2,22
img_7263,1,12
img_7184,1,11
img_4206,2,24
img_6017,2,21
img_5847,1,11
img_4792,2,24
img_6063,1,12
img_6672,2,22
img_3913,1,12
img_7175,2,23
img_4665,2,22
img_0194,2,24
img_6754,2,21
img_2771,2,21
img_3527,1,15
img_0365,1,13
img_6055,1,15
img_5550,2,24
img_2711,1,15
img_2931,2,24
img_6883,1,14
img_5437,1,13
img_1332,2,23
img_4455,2,23
img_3364,2,25
img_6925,2,21
img_2005,2,25
img_1156,2,21
img_1429,1,14
img_5404,2,24
img_2031,1,13
img_3950,2,24
img_6403,2,21
img_6601,2,21
img_5365,2,23
img_4938,1,11
img_6430,2,22
img_2629,1,12
img_0505,1,11
img_2386,2,24
img_6382,1,14
img_2733,2,21
img_1061,2,21
img_2275,2,24
img_1545,2,24
img_4431,2,24
img_3411,1,13
img_6666,1,14
img_3687,2,24
img_1159,1,15
img_4198,2,21
img_0981,2,22
img_1052,1,15
img_3402,1,12
img_6409,2,23
img_0419,1,12
img_1913,1,15
img_5762,1,14
img_1467,1,14
img_3915,1,12
img_3544,2,22
img_1514,2,24
img_6292,2,24
img_5327,1,11
img_4879,2,21
img_3304,1,14
img_6702,2,23
img_0292,1,15
img_7087,1,14
img_2984,2,22
img_6937,1,15
img_0647,2,24
img_3079,1,14
img_1123,1,13
img_4361,2,22
img_2404,2,24
img_2098,1,15
img_1568,2,22
img_5465,1,12
img_6603,1,13
img_6636,2,23
img_6142,1,11
img_5024,1,12
img_1961,2,22
img_2457,2,22
img_5684,2,25
img_1636,1,13
img_3731,2,23
img_2014,2,21
img_5980,2,24
img_2660,1,13
img_1222,2,23
img_3869,2,23
img_5662,2,25
img_3635,2,22
img_5925,1,11
img_1412,1,13
img_6753,2,23
img_7345,1,12
img_1629,1,12
img_0006,1,13
img_3454,1,12
img_1475,2,22
img_6165,2,25
img_4646,2,23
img_3179,2,21
img_5162,2,24
img_2595,2,22
img_3526,1,13
img_1827,1,12
img_4986,2,22
img_6755,1,14
img_3019,1,14
img_5293,1,11
img_4800,1,15
img_6661,2,24
img_3904,1,12
img_4793,1,13
img_3498,2,25
img_3675,1,13
img_6499,2,23
img_0057,1,11
img_4312,1,15
img_6045,1,11
img_1034,2,24
img_3649,1,15
img_0405,1,11
img_5874,1,13
img_6376,1,15
img_1787,2,21
img_0119,1,15
img_3965,2,21
img_6947,1,14
img_1458,2,21
img_5728,1,15
img_6665,2,22
img_5529,2,25
img_0410,1,11
img_2960,1,15
img_3310,1,15
img_2146,1,15
img_2551,1,11
img_6442,2,24
img_1071,2,21
img_4723,1,15
img_1824,2,24
img_1384,1,13
img_3752,1,12
img_0149,2,22
img_3987,2,21
img_3064,2,25
img_3807,1,13
img_2502,1,15
img_5120,2,21
img_0280,1,13
img_6485,1,14
img_0059,1,11
img_4840,1,11
img_3071,1,11
img_0396,2,22
img_6115,2,23
img_2786,1,14
img_2222,2,23
img_3187,2,23
img_3739,2,23
img_4866,2,25
img_1315,1,14
img_5763,1,14
img_4498,2,21
img_2493,1,15
img_5250,2,25
img_1376,1,15
img_2738,2,23
img_1024,2,21
img_1916,2,25
img_3044,1,13
img_1327,1,15
img_7208,2,23
img_0967,1,11
img_3679,2,23
img_5228,2,23
img_3841,2,23
img_0062,1,13
img_5343,2,21
img_4327,2,22
img_2362,1,11
img_4673,2,21
img_5514,2,23
img_4839,1,12
img_2511,1,15
img_2927,2,21
img_3792,1,13
img_4096,1,11
img_0742,1,13
img_5898,2,21
img_1528,2,22
img_6261,2,25
img_2186,2,21
img_1190,1,14
img_4852,1,15
img_3403,2,23
img_4757,2,25
img_3258,2,21
img_5098,2,23
img_4050,2,21
img_2875,1,14
img_3727,1,15
img_3768,1,13
img_6195,1,12
img_4909,1,14
img_0153,1,14
img_5158,2,24
img_0536,2,21
img_5492,1,13
img_6359,1,12
img_6874,2,21
img_0191,1,14
img_2490,2,22
img_2226,2,23
img_2469,1,15
img_0496,2,25
img_0152,2,25
img_2494,1,12
img_7378,1,14
img_2069,2,24
img_5307,1,11
img_3775,2,21
img_0980,1,12
img_5442,2,24
img_3271,2,22
img_1063,2,21
img_3149,2,24
img_4369,2,22
img_6065,2,23
img_0201,2,25
img_5440,1,12
img_4424,2,25
img_7163,2,21
img_2848,1,11
img_2647,2,24
img_4418,1,14
img_5671,2,21
img_4823,1,13
img_5277,1,11
img_1035,1,11
img_4172,2,21
img_7376,1,14
img_5308,1,11
img_6365,1,12
img_3969,2,25
img_1654,1,12
img_6694,1,13
img_7323,1,15
img_5829,1,15
img_5316,1,14
img_2113,2,22
img_6959,2,21
img_0902,1,13
img_7150,2,25
img_2316,2,25
img_1418,1,15
img_0310,1,12
img_1690,1,14
img_6119,2,25
img_2431,1,15
img_0327,2,23
img_4700,2,21
img_3000,1,14
img_0794,1,13
img_4290,1,12
img_3902,1,13
img_6181,1,12
img_4633,1,15
img_6421,1,14
img_6975,2,22
img_1586,2,24
img_0972,2,21
img_0817,1,14
img_1151,2,25
img_4063,1,11
img_0371,1,13
img_4581,2,25
img_0959,1,13
img_6112,2,22
img_2028,1,15
img_3771,2,25
img_2540,2,23
img_5851,2,23
img_0898,2,23
img_6799,1,12
img_3183,2,24
img_4267,2,24
img_1957,2,25
img_4274,1,15
img_4996,1,12
img_6318,2,22
img_5249,1,12
img_6691,2,25
img_7210,2,24
img_0224,2,23
img_2840,1,15
img_3098,1,12
img_2136,2,23
img_1073,1,13
img_0179,1,15
img_3571,1,13
img_6425,1,15
img_6686,1,11
img_4485,1,11
img_5977,2,22
img_6569,2,25
img_2019,1,15
img_0423,2,23
img_1653,2,22
img_1505,2,22
img_5887,1,13
img_1565,2,23
img_1423,2,25
img_0984,2,21
img_0378,2,21
img_5047,2,23
img_2501,2,24
img_7141,2,25
img_3237,1,11
img_2152,1,11
img_5729,2,22
img_3879,1,13
img_3817,2,21
img_2480,2,23
img_0942,2,25
img_4238,1,15
img_4105,2,22
img_1571,1,14
img_5978,2,24
img_6190,2,24
img_2948,2,23
img_1088,1,15
img_1318,1,12
img_3693,2,25
img_0266,1,12
img_3159,1,14
img_2618,2,22
img_6480,2,23
img_0238,1,14
img_6718,2,24
img_1184,1,14
img_3196,2,24
img_3415,2,24
img_0478,1,14
img_0965,2,22
img_0467,2,21
img_2342,2,22
img_1233,2,22
img_5648,2,24
img_2558,2,25
img_2586,1,13
img_1125,1,12
img_3949,2,21
img_3759,2,24
img_2805,2,22
img_5236,2,22
img_6174,1,14
img_4317,1,15
img_6908,2,21
img_1001,1,12
img_2230,2,25
img_3500,2,25
img_7327,2,22
img_7182,1,14
img_1157,1,13
img_2785,1,12
img_2614,1,13
img_2120,1,12
img_6653,1,11
img_5500,2,23
img_4530,1,15
img_6771,2,25
img_2544,2,22
img_6918,2,22
img_4152,1,15
img_3329,2,23
img_0232,2,21
img_3163,2,23
img_4103,2,22
img_5357,2,23
img_1021,2,22
img_7396,1,13
img_3067,2,24
img_4129,2,21
img_0735,2,24
img_6364,1,11
img_5302,2,25
img_2549,2,23
img_4761,2,25
img_1217,2,22
img_0311,1,14
img_4937,2,22
img_3934,1,15
img_1802,2,22
img_2190,2,24
img_0290,2,25
img_6025,2,24
img_3983,1,12
img_1485,1,13
img_3955,2,24
img_4718,1,12
img_1631,2,25
img_1602,2,21
img_6664,2,24
img_2452,1,12
img_3520,2,25
img_1286,2,21
img_2721,2,21
img_3147,2,23
img_0219,2,24
img_0263,2,23
img_2597,1,15
img_2425,1,12
img_6326,1,14
img_0876,2,24
img_5604,1,14
img_2650,1,11
img_3680,2,21
img_1556,2,21
img_6328,1,13
img_2300,2,22
img_1861,2,25
img_0408,2,25
img_3764,1,15
img_7154,1,12
img_3603,1,13
img_5286,2,22
img_1976,2,24
img_5605,2,21
img_4319,1,14
img_1985,2,21
img_6624,1,11
img_4492,2,22
img_2366,2,23
img_2253,1,15
img_4529,2,22
img_5398,2,23
img_4707,2,21
img_4563,1,11
img_6813,2,22
img_2624,2,22
img_5203,1,12
img_6172,2,24
img_6862,2,22
img_3824,2,25
img_5030,1,15
img_4880,1,15
img_1122,1,12
img_3710,1,14
img_3941,1,14
img_6038,1,12
img_3946,2,24
img_1170,2,24
img_1221,1,12
img_1536,1,13
img_6155,1,14
img_5152,1,11
img_5805,1,13
img_4228,2,25
img_5130,1,11
img_5737,2,23
img_7257,1,14
img_4518,1,15
img_4018,1,14
img_0700,2,22
img_4516,1,14
img_5504,2,21
img_6384,2,21
img_2809,2,21
img_5530,2,24
img_3976,2,21
img_0583,2,25
img_2254,1,13
img_5399,2,24
img_2032,2,22
img_0768,2,22
img_2633,1,11
img_2004,2,25
img_5833,2,22
img_3718,2,24
img_6419,2,25
img_3026,1,15
img_0901,2,25
img_1304,2,23
img_3654,2,23
img_5419,2,21
img_1819,1,11
img_5455,2,22
img_3618,2,24
img_4480,2,21
img_6578,1,14
img_3171,2,22
img_5163,1,14
img_5949,2,21
img_3036,2,24
img_5332,2,22
img_4261,2,22
img_1317,1,11
img_6448,2,23
img_1239,2,25
img_6404,2,25
img_6266,1,11
img_5283,2,25
img_1607,2,23
img_0962,1,15
img_6629,2,22
img_3235,1,14
img_5304,1,14
img_6256,2,24
img_6563,1,15
img_7168,2,23
img_6551,2,22
img_0359,2,23
img_2860,2,24
img_1010,1,15
img_4396,2,25
img_0182,2,23
img_5269,1,14
img_0749,1,13
img_4538,2,25
img_2010,2,21
img_0851,1,15
img_2214,1,14
img_0389,1,13
img_6511,2,23
img_3695,1,11
img_6500,2,22
img_5453,1,13
img_2759,1,13
img_5873,2,23
img_2810,1,13
img_0872,2,22
img_2645,2,21
img_1649,1,12
img_6658,2,23
img_6829,2,23
img_1128,2,23
img_5513,2,24
img_3698,1,15
img_5659,1,14
img_6460,1,11
img_3528,1,15
img_1303,2,21
img_1101,2,23
img_6071,2,22
img_0416,1,15
img_5892,2,25
img_4809,2,25
img_4140,1,12
img_3111,2,24
img_0699,2,24
img_2817,2,23
img_2929,1,11
img_2159,2,22
img_0358,2,22
img_3280,1,12
img_0146,2,22
img_2317,2,24
img_5531,2,21
img_0034,2,25
img_5627,2,25
img_6422,1,13
img_4875,2,23
img_2355,1,14
img_4936,2,24
img_4999,1,13
img_1856,2,24
img_2797,1,11
img_6223,1,11
img_4791,2,25
img_1320,2,21
img_2141,1,12
img_0833,2,23
img_6727,1,12
img_2972,1,11
img_0878,2,21
img_2938,2,25
img_6523,2,25
img_5238,2,22
img_6345,2,23
img_0867,1,12
img_1226,2,22
img_6420,1,13
img_5870,1,12
img_6526,1,15
img_0746,1,12
img_5036,2,24
img_7353,1,11
img_4462,1,12
img_7143,2,24
img_0937,2,23
img_5006,2,23
img_7231,1,11
img_3503,2,25
img_5161,1,11
img_6249,1,12
img_2484,2,21
img_4086,2,21
img_3252,2,24
img_3478,2,23
img_5789,1,14
img_2612,2,21
img_0652,1,13
img_0969,2,24
img_1683,2,22
img_0489,1,13
img_3247,1,14
img_2269,1,12
img_5641,2,25
img_0963,2,22
img_2199,2,23
img_0268,2,22
img_3200,1,12
img_1241,1,11
img_7236,2,24
img_5719,1,13
img_1722,1,15
img_0518,2,23
img_2131,1,13
img_6837,2,23
img_7365,2,24
img_4906,2,22
img_6777,1,14
img_2161,2,24
img_5461,1,14
img_3448,2,22
img_2369,1,12
img_3180,1,14
img_3274,1,15
img_3429,2,21
img_6545,2,24
img_4651,1,15
img_5350,2,24
img_3615,2,21
img_4935,2,21
img_2804,2,21
img_5271,2,22
img_5384,1,12
img_4842,1,15
img_4915,2,23
img_4271,2,25
img_3612,2,23
img_3997,1,14
img_2578,1,13
img_2458,1,13
img_5060,1,11
img_3434,2,25
img_0402,2,25
img_2517,1,14
img_2943,2,24
img_2839,2,24
img_0455,1,13
img_6938,2,22
img_4037,1,15
img_1394,2,24
img_0961,2,21
img_5113,1,12
img_2725,1,12
img_7092,2,23
img_4097,1,13
img_5633,2,22
img_1369,1,12
img_1257,2,22
img_2359,1,13
img_5875,2,22
img_4358,1,11
img_3878,1,15
img_0545,1,13
img_5881,1,11
img_3995,1,15
img_0710,2,22
img_3993,2,21
img_1731,1,14
img_1981,1,11
img_0806,2,21
img_5683,1,13
img_4512,1,13
img_4508,1,12
img_4893,1,13
img_4537,2,23
img_4578,1,11
img_4570,1,13
img_3762,2,24
img_4862,2,21
img_4920,2,25
img_1560,2,21
img_5761,1,14
img_5088,2,25
img_4356,1,12
img_2735,1,15
img_1496,1,15
img_3611,2,23
img_0850,2,23
img_6720,2,25
img_6711,1,12
img_3684,1,13
img_1925,1,14
img_5714,2,24
img_2791,1,14
img_0429,1,15
img_5057,1,13
img_3178,2,21
img_5540,1,12
img_4309,2,22
img_0218,1,13
img_3074,1,12
img_4657,2,22
img_3839,2,23
img_7388,2,21
img_4654,2,21
img_5167,2,24
img_5663,2,23
img_1851,2,22
img_0949,1,15
img_0523,1,12
img_1542,2,22
img_3053,1,15
img_0209,1,13
img_4925,2,25
img_6789,1,15
img_3116,2,25
img_4049,1,14
img_5484,1,14
img_3230,1,11
img_1757,1,11
img_0245,2,25
img_3384,1,13
img_3795,1,11
img_7289,2,22
img_5691,2,21
img_3358,2,25
img_5985,1,14
img_5064,2,23
img_3278,2,23
img_6370,1,15
img_3621,1,13
img_6878,1,13
img_6896,1,13
img_6670,2,21
img_5502,1,14
img_1960,2,24
img_6177,2,21
img_4442,1,15
img_3930,1,15
img_4383,2,21
img_6559,1,15
img_0195,1,14
img_0051,2,22
img_4298,1,13
img_0204,2,24
img_6029,1,11
img_3343,2,21
img_0017,2,25
img_3327,2,22
img_7309,1,14
img_3050,2,24
img_4617,1,13
img_2846,1,15
img_0955,1,14
img_2865,2,25
img_2430,1,12
img_3876,2,25
img_4502,2,25
img_4785,2,23
img_3814,1,14
img_6352,2,24
img_4678,1,14
img_7179,2,23
img_2147,1,11
img_1410,2,22
img_2940,1,12
img_5251,2,25
img_0999,2,21
img_5062,1,11
img_3647,1,11
img_5507,2,25
img_7244,2,21
img_0694,1,12
img_1752,1,14
img_2587,1,12
img_6762,2,23
img_4391,2,22
img_2174,2,21
img_6284,2,22
img_5219,2,24
img_6915,1,11
img_5551,2,23
img_5127,2,23
img_0180,2,21
img_2980,1,12
img_3999,2,21
img_6706,1,11
img_0185,2,23
img_3535,2,24
img_6517,1,13
img_6817,1,14
img_4095,1,14
img_3217,1,11
img_6568,2,25
img_0664,1,12
img_6669,1,14
img_0507,2,21
img_3497,2,24
img_4266,2,23
img_5642,2,24
img_1687,1,11
img_4057,2,24
img_6822,2,24
img_0043,2,24
img_4328,2,21
img_1968,2,21
img_4814,1,13
img_1907,1,12
img_2331,1,14
img_0957,2,24
img_0985,2,25
img_4613,1,14
img_6979,2,24
img_2603,2,25
img_2003,1,11
img_4127,2,23
img_4717,2,22
img_4192,1,11
img_6346,2,23
img_2995,2,21
img_5652,1,14
img_2125,1,14
img_1624,2,21
img_6494,2,22
img_1300,1,14
img_3852,2,23
img_3911,2,24
img_6161,2,21
img_2944,1,15
img_0908,1,15
img_3662,2,23
img_3750,1,15
img_5090,2,24
img_7351,1,14
img_0451,2,22
img_1417,1,11
img_5149,2,21
img_3996,2,24
img_3777,2,23
img_7171,2,23
img_6050,1,13
img_6034,1,13
img_4843,2,21
img_5717,2,23
img_4868,2,22
img_4476,2,22
img_0516,2,25
img_0413,1,14
img_5290,2,23
img_5811,2,24
img_2357,2,24
img_2018,2,21
img_6000,1,11
img_3506,2,21
img_6625,1,13
img_5262,2,22
img_4586,1,11
img_1906,1,13
img_0206,2,23
img_1885,1,13
img_0385,1,14
img_1042,1,15
img_2801,2,21
img_0086,2,25
img_3422,2,24
img_7317,2,21
img_4797,1,11
img_4943,1,13
img_3419,1,12
img_6875,2,23
img_0448,2,25
img_7051,2,23
img_4562,2,22
img_2670,1,14
img_1626,1,12
img_1398,1,13
img_1407,2,24
img_4523,2,25
img_1944,1,13
img_7226,2,23
img_1266,1,14
img_3939,1,12
img_5644,1,11
img_6717,1,15
img_5937,1,12
img_1694,1,12
img_3873,2,23
img_6805,2,25
img_0096,2,23
img_3224,2,22
img_0136,2,23
img_5416,1,13
img_7319,1,13
img_2537,1,14
img_0409,2,24
img_1800,2,23
img_5743,1,11
img_4187,2,21
img_4769,1,11
img_1007,2,22
img_2107,2,23
img_1790,2,21
img_0217,2,24
img_4957,2,22
img_4119,2,25
img_4775,2,22
img_5615,2,23
img_6428,2,21
img_0254,1,15
img_3027,1,14
img_5037,2,24
img_7284,2,21
img_2182,1,15
img_0792,2,21
img_6104,2,22
img_2364,2,21
img_5618,2,23
img_0319,1,12
img_0847,1,15
img_0454,1,14
img_4337,2,25
img_0697,1,11
img_1270,1,12
img_0734,1,15
img_3288,2,23
img_6463,2,22
img_0740,2,21
img_7121,2,21
img_1552,1,12
img_2379,1,13
img_5899,1,13
img_5983,1,15
img_7357,2,21
img_0549,2,23
img_6098,1,13
img_0552,2,25
img_5959,2,25
img_5948,1,15
img_5095,1,13
img_4680,1,15
img_5576,1,15
img_3907,1,12
img_4343,1,12
img_5781,1,13
img_1863,1,15
img_2374,2,24
img_5094,2,22
img_2683,2,21
img_4534,2,23
img_6700,1,14
img_0717,1,13
img_4155,1,13
img_5268,2,22
img_6751,2,23
img_5099,2,24
img_3090,1,13
img_3657,1,15
img_6566,2,22
img_3542,1,12
img_4067,2,23
img_3709,1,12
img_4411,1,14
img_0510,1,13
img_5132,2,22
img_3150,1,15
img_5177,2,23
img_3075,2,23
img_6447,2,23
img_7055,2,23
img_5133,2,25
img_0996,1,15
img_0162,2,22
img_4990,1,12
img_0693,2,23
img_5068,1,13
img_4812,2,25
img_1054,1,12
img_4692,2,25
img_3377,2,23
img_1333,2,21
img_5557,2,25
img_2236,2,22
img_2432,1,15
img_6593,2,21
img_5144,1,14
img_3885,2,21
img_4874,1,12
img_7224,1,13
img_0288,1,12
img_4217,2,24
img_2210,1,13
img_2309,1,11
img_1781,2,22
img_4015,2,23
img_4048,1,12
img_3127,1,12
img_6507,1,13
img_6832,2,22
img_2340,2,21
img_6344,2,23
img_2568,1,14
img_4576,2,21
img_6484,2,24
img_1506,2,22
img_3776,1,12
img_3424,2,23
img_2377,1,15
img_6907,1,12
img_1887,2,23
img_6724,1,12
img_3580,2,24
img_0492,2,23
img_5746,2,24
img_3865,2,23
img_5265,1,15
img_4225,1,15
img_0229,2,24
img_5292,2,21
img_0060,1,13
img_1886,1,13
img_3557,2,22
img_0679,1,12
img_3937,2,22
img_7227,2,24
img_0778,1,12
img_0276,1,15
img_2250,1,12
img_4625,1,11
img_1368,1,13
img_2409,1,14
img_4135,1,12
img_3365,2,21
img_4468,1,13
img_3370,1,15
img_3248,2,23
img_5434,1,15
img_1841,1,12
img_5819,1,11
img_6331,2,21
img_2526,2,21
img_5519,2,25
img_2713,2,22
img_4653,2,21
img_4556,2,22
img_6281,1,15
img_5815,2,22
img_5016,2,23
img_3254,2,22
img_2461,1,12
img_4773,1,13
img_6561,1,15
img_5801,1,11
img_6322,2,21
img_5188,2,21
img_2329,2,24
img_5472,2,23
img_5818,2,21
img_3115,2,22
img_2755,1,15
img_2765,2,23
img_6531,1,13
img_1619,2,22
img_3671,1,12
img_1366,2,21
img_7209,1,15
img_7070,1,12
img_2620,2,22
img_2059,1,12
img_2531,1,12
img_0130,2,21
img_7297,1,12
img_6575,2,21
img_3394,2,21
img_1274,1,11
img_3350,2,25
img_1249,2,21
img_0435,1,12
img_4560,2,22
img_6268,1,11
img_6954,2,25
img_5503,2,23
img_1628,2,21
img_0210,1,12
img_7202,2,24
img_1008,2,23
img_0029,1,11
img_1857,1,11
img_2900,2,21
img_4593,1,14
img_0027,2,24
img_0678,1,12
img_0186,1,14
img_0983,2,21
img_3210,2,25
img_0837,2,21
img_4902,1,11
img_0864,1,12
img_3381,2,21
img_0624,1,12
img_6962,1,15
img_2622,1,11
img_0427,1,15
img_0629,2,22
img_4685,1,14
img_4071,2,23
img_4282,2,22
img_0412,2,24
img_3787,2,21
img_3097,1,15
img_2899,1,15
img_6146,2,21
img_4102,2,21
img_0265,2,23
img_2658,2,25
img_2909,1,11
img_0021,2,23
img_3906,1,14
img_2403,2,21
img_6501,2,22
img_4190,2,22
img_5561,1,11
img_3760,1,15
img_1267,1,11
img_4039,2,25
img_2483,2,21
img_4735,2,21
img_3432,1,12
img_3875,1,11
img_1323,2,22
img_3024,1,13
img_1331,1,11
img_1973,2,23
img_2124,2,21
img_2137,2,21
img_1850,1,11
img_4090,2,21
img_1372,2,24
img_3828,1,14
img_0430,1,15
img_1393,2,25
img_3155,1,15
img_2856,1,14
img_4002,1,14
img_7050,1,12
img_4972,1,15
img_1816,2,23
img_1149,1,12
img_1895,1,15
img_0504,2,23
img_6881,2,21
img_4863,2,24
img_1114,2,23
img_6301,2,25
img_3957,2,21
img_7106,2,21
img_4614,2,24
img_5097,2,21
img_0596,1,14
img_3806,2,22
img_1715,2,22
img_2851,2,23
img_5895,2,25
img_0171,2,22
img_5749,2,21
img_3332,2,21
img_2372,1,15
img_0540,1,12
img_5430,2,23
img_5901,2,21
img_1481,2,23
img_4545,2,25
img_2066,2,22
img_0512,2,24
img_0281,2,22
img_6156,1,12
img_5296,1,14
img_1578,1,14
img_4884,1,13
img_6705,1,11
img_2700,1,13
img_3568,1,11
img_6495,1,14
img_5971,2,24
img_6149,2,21
img_1400,2,24
img_1352,2,21
img_6032,1,11
img_1936,1,13
img_0315,1,15
img_4326,2,23
img_1301,1,11
img_5059,2,25
img_1009,1,14
img_0760,1,13
img_3640,2,22
img_5482,1,15
img_0277,1,12
img_3853,2,23
img_0300,1,13
img_1759,1,15
img_6163,1,13
img_1525,2,24
img_5677,2,22
img_1678,2,24
img_1843,1,12
img_1494,2,21
img_5785,2,21
img_1030,1,12
img_1046,1,12
img_2206,2,21
img_5429,1,13
img_5079,2,24
img_3637,2,25
img_7213,2,22
img_2962,2,22
img_6924,1,15
img_4378,2,25
img_3309,2,22
img_3014,2,21
img_5890,2,24
img_5928,2,25
img_0074,1,14
img_4125,1,12
img_1205,2,21
img_1867,2,23
img_6809,2,24
img_3773,1,15
img_1460,1,11
img_0644,2,23
img_6106,1,14
img_0558,2,25
img_6222,2,23
img_2961,2,25
img_4349,1,14
